image_id,text,width,height
eccbc87e4b5ce2fe28308fd9f2a7baf3,purloin,86,64
a87ff679a2f3e71d9181a67b7542122c,1285,133,64
e4da3b7fbbce2345d7772b0674a318d5,slaying's,175,64
8f14e45fceea167a5a36dedd4bea2543,yip's,70,64
45c48cce2e2d7fbdea1afc51c7c6ad26,blockage,117,64
d3d9446802a44259755d38e6d163e820,ruminates,158,64
6512bd43d9caa6e02c990b0a82652dca,Turpin's,104,64
c20ad4d76fe97759aa27a0c99bff6710,tattler,94,64
c51ce410c124a10e0db5e4b97fc2af39,Idahoes,169,64
c74d97b01eae257e44aa9d5bade97baf,3476,98,64
98f13708210194c475687be6106a3b84,satraps,119,64
3c59dc048e8850243be8079a5c74d079,snarky,153,64
b6d767d2f8ed5d21a44b0e5886680cb9,Richie's,113,64
1ff1de774005f8da13f42943881c655f,scamps,141,64
8e296a067a37563370ded05f5a3bf3ec,Alhambra,183,64
4e732ced3463d06de0ca9a15b6153677,3023,118,64
02e74f10e0327ad868d138f2b4fdd6f0,oboe's,123,64
33e75ff09dd601bbe69f351039152189,spunk's,162,64
6364d3f0f495b6ab9dcf8d3b5c6e0b01,environs's,145,64
182be0c5cdcd5072bb1864cdee4d3d6e,contend,176,64
e369853df766fa44e1ed0ff613f563bd,viols,130,64
19ca14e7ea6328a42e0eb13d585e4c22,citadel,82,64
d67d8ab4f4c10bf22aa353e27879133c,raglans,152,64
d645920e395fedad7bbbed0eca3fe2e0,6157,107,64
3416a75f4cea9109507cacd8e2f2aefc,frolicked,132,64
17e62166fc8586dfa4d1bc0e1742c08b,4609,116,64
f7177163c833dff4b38fc8d2872f1ec6,ducat's,116,64
67c6a1e7ce56d3d6fa748ab6d9af3fd7,hundredweight,144,64
642e92efb79421734881b53e1e1b18b6,fed,93,64
c0c7c76d30bd3dcaefc96f40275bdc0a,relish,100,64
2838023a778dfaecdc212708f721b788,parity's,175,64
9a1158154dfa42caddbd0694a4e9bdc8,2023,127,64
d82c8d1619ad8176d665453cfb2e55f0,martens,183,64
a684eceee76fc522773286a895bc8436,convalescing,161,64
b53b3a3d6ab90ce0268229151c9bde11,femoral,153,64
72b32a1f754ba1c09b3695e0cb6cde7f,Leos,125,64
66f041e16a60928b05a7e228a89c3799,darkened,134,64
7f39f8317fbdb1988ef4c628eba02591,steeped,176,64
03afdbd66e7929b125f8597834fa83a4,ill's,130,64
ea5d2f1c4608232e07d3aa3d998e5135,viols,135,64
fc490ca45c00b1249bbe3554a4fdf6fb,wino's,68,64
3295c76acbf4caaed33c36b1b5fc2cb1,sinus,105,64
a3f390d88e4c41f2747bfa2f1b5f87db,envisioned,164,64
7cbbc409ec990f19c78c75bd1e06f215,heron,120,64
e2c420d928d4bf8ce0ff2ec19b371514,towel's,119,64
32bb90e8976aab5298d5da10fe66f21d,bayed,90,64
ad61ab143223efbc24c7d2583be69251,cradle's,116,64
fbd7939d674997cdb4692d34de8633c4,potbelly,148,64
28dd2c7955ce926456240b2ff0100bde,temerity's,111,64
35f4a8d465e6e1edc05f3d8ab658c551,containing,108,64
d1fe173d08e959397adf34b1d77e88d7,scrimshaws,179,64
43ec517d68b6edd3015b3edc9a11367b,5938,119,64
9778d5d219c5080b9a6a17bef029331c,mobiles,192,64
fe9fc289c3ff0af142b6d3bead98a923,taped,149,64
3ef815416f775098fe977004015c6193,Daisy's,155,64
c7e1249ffc03eb9ded908c236bd1996d,coffin,143,64
2a38a4a9316c49e5a833517c45d31070,plants,165,64
8613985ec49eb8f757ae6439e879bb2a,wring's,117,64
f4b9ec30ad9f68f89b29639786cb62ef,philosopher,171,64
26657d5ff9020d2abefe558796b99584,elbow,136,64
e2ef524fbf3d9fe611d5a8e90fefdc9c,7031,99,64
ed3d2c21991e3bef5e069713af9fa6ca,senior's,119,64
38b3eff8baf56627478ec76a704e9b52,breed's,148,64
ec8956637a99787bd197eacd77acce5e,thong's,77,64
c9e1074f5b3f9fc8ea15d152add07294,soiling,131,64
65b9eea6e1cc6bb9f0cd2a47751a186f,1149,123,64
f0935e4cd5920aa6c7c996a5ee53a70f,631,94,64
a97da629b098b75c294dffdc3e463904,intuited,199,64
2723d092b63885e0d7c260cc007e8b9d,tally,113,64
5f93f983524def3dca464469d2cf9f3e,smiths,135,64
2b44928ae11fb9384c4cf38708677c48,chamois,121,64
c45147dee729311ef5b5c3003946c48f,thought,137,64
eb160de1de89d9058fcb0b968dbbbd68,pray,115,64
5ef059938ba799aaa845e1c2e8a762bd,protractor,189,64
07e1cd7dca89a1678042477183b7ac3f,tranquillized,165,64
da4fb5c6e93e74d3df8527599fa62642,underfed,175,64
c8ffe9a587b126f152ed3d89a146b445,satellited,199,64
3def184ad8f4755ff269862ea77393dd,fake,104,64
069059b7ef840f0c74a814ec9237b6ec,abrasive,191,64
ec5decca5ed3d6b8079e2e7e7bacc9f2,implicit,164,64
d1f491a404d6854880943e5c3cd9ca25,remembrances,198,64
9b8619251a19057cff70779273e95aa6,Abyssinian,112,64
65ded5353c5ee48d0b7d48c591b8f430,game,103,64
02522a2b2726fb0a03bb19f2d8d9524d,seafarer,140,64
7f1de29e6da19d22b51c68001e7e0e54,disciple's,145,64
3988c7f88ebcb58c6ce932b957b6f332,oscilloscope's,198,64
013d407166ec4fa56eb1e1f8cbe183b9,pawnbroker's,176,64
e00da03b685a0dd18fb6a08af0923de0,Truffaut,165,64
0f28b5d49b3020afeecd95b4009adf4c,forester,180,64
a8baa56554f96369ab93e4f3bb068c22,4383,123,64
2b24d495052a8ce66358eb576b8912c8,clobber,170,64
f2217062e9a397a1dca429e7d70bc6ca,sufficiently,195,64
7ef605fc8dba5425d6965fbd4c8fbe1f,dilating,110,64
b3e3e393c77e35a4a3f3cbd1e429b5dc,hasp's,170,64
2a79ea27c279e471f4d180b08d62b00a,Doric's,162,64
1c9ac0159c94d8d0cbedc973445af2da,farrow,154,64
6c4b761a28b734fe93831e3fb400ce87,loin's,165,64
140f6969d5213fd0ece03148e62e461e,disgruntle,141,64
b73ce398c39f506af761d2277d853a92,neonatal,184,64
bd4c9ab730f5513206b999ec0d90d1fb,putrefy,176,64
82aa4b0af34c2313a562076992e50aa3,danker,110,64
0777d5c17d4066b82ab86dff8a46af6f,knelt,64,64
fa7cdfad1a5aaf8370ebeda47a1ff1c3,6406,123,64
5878a7ab84fb43402106c575658472fa,retook,156,64
006f52e9102a8d3be2fe5614f42ba989,insole,85,64
3636638817772e42b59d74cff571fbb3,shipbuilder,166,64
149e9677a5989fd342ae44213df68868,crusade,118,64
a4a042cf4fd6bfb47701cbc8a1653ada,interstices,197,64
1ff8a7b5dc7a7d1f0ed65aaa29c04b1e,Nasser's,169,64
f7e6c85504ce6e82442c770f7c8606f0,Haynes,191,64
82161242827b703e6acf9c726942a1e4,6860,115,64
96da2f590cd7246bbde0051047b0d6f7,debate,156,64
8f85517967795eeef66c225f7883bdcb,7029,127,64
fc221309746013ac554571fbd180e1c8,Gienah's,177,64
4c5bde74a8f110656874902f07378009,novelists,143,64
6cdd60ea0045eb7a6ec44c54d29ed402,9379,74,64
eecca5b6365d9607ee5a9d336962c534,Cordoba's,149,64
9872ed9fc22fc182d371c3e9ed316094,dazzle,114,64
a2557a7b2e94197ff767970b67041697,noggin's,178,64
cfecdb276f634854f3ef915e2e980c31,covenanted,193,64
0aa1883c6411f7873cb83dacb17b0afc,sleighing,103,64
bd686fd640be98efaae0091fa301e613,626,136,64
a597e50502f5ff68e3e25b9114205d4a,7859,136,64
0336dcbab05b9d5ad24f4333c7658a0e,3236,91,64
084b6fbb10729ed4da8c3d3f5a3ae7c9,xerographic,169,64
0e65972dce68dad4d52d063967f0a705,indigent,184,64
84d9ee44e457ddef7f2c4f25dc8fa865,fourfold,99,64
854d6fae5ee42911677c739ee1734486,retch,120,64
e2c0be24560d78c5e599c2a9c9d0bbd2,Renee,125,64
274ad4786c3abca69fa097b85867d9a4,Bhopal,174,64
eae27d77ca20db309e056e3d2dcd7d69,Tangiers's,181,64
7eabe3a1649ffa2b3ff8c02ebfd5659f,775,93,64
69adc1e107f7f7d035d7baf04342e1ca,hit's,58,64
091d584fced301b442654dd8c23b3fc9,crush's,143,64
6f3ef77ac0e3619e98159e9b6febf557,dogmatists,173,64
eb163727917cbba1eea208541a643e74,thiamin,169,64
1534b76d325a8f591b52d302e7181331,vacillate,106,64
979d472a84804b9f647bc185a877a8b5,notes,150,64
3b8a614226a953a8cd9526fca6fe9ba5,Donne's,161,64
63dc7ed1010d3c3b8269faf0ba7491d4,publicly,101,64
e96ed478dab8595a7dbda4cbcbee168f,4558,99,64
c0e190d8267e36708f955d7ab048990d,both,125,64
ec8ce6abb3e952a85b8551ba726a1227,persevering,152,64
060ad92489947d410d897474079c1477,Dare,89,64
13fe9d84310e77f13a6d184dbf1232f3,outcrop,162,64
d1c38a09acc34845c6be3a127a5aacaf,sucking,154,64
9cfdf10e8fc047a44b08ed031e1f0ed1,7385,94,64
705f2172834666788607efbfca35afb3,presumed,155,64
74db120f0a8e5646ef5a30154e9f6deb,hairnets,177,64
57aeee35c98205091e18d1140e9f38cf,4420,115,64
6da9003b743b65f4c0ccd295cc484e57,2383,95,64
9b04d152845ec0a378394003c96da594,Darius,147,64
e165421110ba03099a1c0393373c5b43,Wolff,140,64
01161aaa0b6d1345dd8fe4e481144d84,Parrish's,177,64
539fd53b59e3bb12d203f45a912eeaf2,hairdo,117,64
555d6702c950ecb729a966504af0a635,pentagon's,180,64
335f5352088d7d9bf74191e006d8e24c,debited,169,64
f340f1b1f65b6df5b5e3f94d95b11daf,sack's,145,64
e4a6222cdb5b34375400904f03d8e6a5,Bobbi,116,64
cb70ab375662576bd1ac5aaf16b3fca4,wooer,130,64
0266e33d3f546cb5436a10798e657d97,playfully,164,64
38db3aed920cf82ab059bfccbd02be6a,dealt,151,64
621bf66ddb7c962aa0d22ac97d69b793,breaking,115,64
6c9882bbac1c7093bd25041881277658,apprises,124,64
19f3cd308f1455b3fa09a282e0d496f4,Alhena's,148,64
03c6b06952c750899bb03d998e631860,8244,123,64
c24cd76e1ce41366a4bbe8a49b02a028,squirrel,190,64
c52f1bd66cc19d05628bd8bf27af3ad6,callow,138,64
fe131d7f5a6b38b23cc967316c13dae2,quicker,186,64
f718499c1c8cef6730f9fd03c8125cab,rattraps,168,64
502e4a16930e414107ee22b6198c578f,Arkhangelsk,170,64
cfa0860e83a4c3a763a7e62d825349f7,skunk,98,64
b1a59b315fc9a3002ce38bbe070ec3f5,8719,60,64
d6baf65e0b240ce177cf70da146c8dc8,learned,139,64
e56954b4f6347e897f954495eab16a88,Jarrod's,191,64
f7664060cc52bc6f3d620bcedc94a4b6,stroked,162,64
eda80a3d5b344bc40f3bc04f65b7a357,Ubuntu,151,64
8f121ce07d74717e0b1f21d122e04521,blameless,129,64
06138bc5af6023646ede0e1f7c1eac75,jointly,162,64
39059724f73a9969845dfe4146c5660e,overdose,128,64
7f100b7b36092fb9b06dfb4fac360931,Benjamin's,170,64
d947bf06a885db0d477d707121934ff8,shallow's,166,64
db8e1af0cb3aca1ae2d0018624204529,harmony,169,64
07cdfd23373b17c6b337251c22b7ea57,yep's,131,64
d395771085aab05244a4fb8fd91bf4ee,caboose's,171,64
92c8c96e4c37100777c7190b76d28233,3906,110,64
0f49c89d1e7298bb9930789c8ed59d48,purse,125,64
16a5cdae362b8d27a1d8f8c7b78b4330,iris's,123,64
839ab46820b524afda05122893c2fe8e,accosted,191,64
9c838d2e45b2ad1094d42f4ef36764f6,drowses,126,64
1700002963a49da13542e0726b7bb758,defiling,175,64
53c3bce66e43be4f209556518c2fcb54,Erato's,161,64
6883966fd8f918a4aa29be29d2c386fb,sampling,176,64
26e359e83860db1d11b6acca57d8ea88,greasing,96,64
ef0d3930a7b6c95bd2b32ed45989c61f,wens,111,64
94f6d7e04a4d452035300f18b984988c,sham's,140,64
577bcc914f9e55d5e4e4f82f9f00e7d4,cretinous,186,64
37bc2f75bf1bcfe8450a1a41c200364c,obsessives,193,64
b2eb7349035754953b57a32e2841bda5,Xhosa,94,64
a8c88a0055f636e4a163a5e3d16adab7,Contreras,145,64
eddea82ad2755b24c4e168c5fc2ebd40,photographs,190,64
9dfcd5e558dfa04aaf37f137a1d9d3e5,baiting,107,64
950a4152c2b4aa3ad78bdd6b366cc179,statute's,176,64
158f3069a435b314a80bdcb024f8e422,onshore,160,64
ad13a2a07ca4b7642959dc0c4c740ab6,nutty,70,64
320722549d1751cf3f247855f937b982,gussets,126,64
caf1a3dfb505ffed0d024130f58c5cfa,outing,99,64
5737c6ec2e0716f3d8a7a5c4e0de0d9a,cubicle,109,64
bc6dc48b743dc5d013b1abaebd2faed2,ravioli,140,64
f2fc990265c712c49d51a18a32b39f0c,jigger's,112,64
89f0fd5c927d466d6ec9a21b9ac34ffa,freakish,125,64
a666587afda6e89aec274a3657558a27,alluvium's,126,64
b83aac23b9528732c23cc7352950e880,tampons,131,64
fe73f687e5bc5280214e0486b273a5f9,mallets,176,64
c042f4db68f23406c6cecf84a7ebb0fe,nowhere's,200,64
2f2b265625d76a6704b08093c652fd79,reproach's,160,64
f9b902fc3289af4dd08de5d1de54f68f,message,162,64
6855456e2fe46a9d49d3d3af4f57443d,pictures,175,64
357a6fdf7642bf815a88822c447d9dc4,Gore,113,64
819f46e52c25763a55cc642422644317,Dorian's,196,64
40008b9a5380fcacce3976bf7c08af5b,tanner,96,64
3ad7c2ebb96fcba7cda0cf54a2e802f5,6273,115,64
b3967a0e938dc2a6340e258630febd5a,tempura,173,64
d81f9c1be2e08964bf9f24b15f0e4900,indifference,197,64
13f9896df61279c928f19721878fac41,Annie's,172,64
01386bd6d8e091c2ab4c7c7de644d37b,voiding,112,64
0bb4aec1710521c12ee76289d9440817,subway,83,64
9de6d14fff9806d4bcd1ef555be766cd,stump's,99,64
efe937780e95574250dabe07151bdc23,ossifies,103,64
371bce7dc83817b7893bcdeed13799b5,Easters,187,64
8dd48d6a2e2cad213179a3992c0be53c,Hawaiian,195,64
fb7b9ffa5462084c5f4e7e85a093e6d7,Woolf,129,64
aa942ab2bfa6ebda4840e7360ce6e7ef,Coy,93,64
c058f544c737782deacefa532d9add4c,rescuer,169,64
5ef698cd9fe650923ea331c15af3b160,diner,125,64
05049e90fa4f5039a8cadc6acbb4b2cc,alining,100,64
0c74b7f78409a4022a2c4c5a5ca3ee19,hedgehog's,158,64
d709f38ef758b5066ef31b18039b8ce5,womanizer,149,64
41f1f19176d383480afa65d325c06ed0,hawkers,155,64
ffd52f3c7e12435a724a8f30fddadd9c,pledge,165,64
ad972f10e0800b49d76fed33a21f6698,sag,80,64
d34ab169b70c9dcd35e62896010cd9ff,burps,125,64
8bf1211fd4b7b94528899de0a43b9fb3,6552,100,64
bca82e41ee7b0833588399b1fcd177c7,miscued,177,64
4f6ffe13a5d75b2d6a3923922b3922e5,detailed,169,64
beed13602b9b0e6ecb5b568ff5058f07,scabbard's,126,64
0584ce565c824b7b7f50282d9a19945b,Sabik,136,64
8efb100a295c0c690931222ff4467bb8,forensics,151,64
d9fc5b73a8d78fad3d6dffe419384e70,flying,165,64
c86a7ee3d8ef0b551ed58e354a836f2b,dame's,172,64
a01a0380ca3c61428c26a231f0e49a09,mute,122,64
5a4b25aaed25c2ee1b74de72dc03c14e,tie's,95,64
f73b76ce8949fe29bf2a537cfa420e8f,tinge's,124,64
70c639df5e30bdee440e4cdf599fec2b,4122,115,64
28f0b864598a1291557bed248a998d4e,stakes,150,64
1543843a4723ed2ab08e18053ae6dc5b,tunic,120,64
f8c1f23d6a8d8d7904fc0ea8e066b3bb,2391,119,64
e46de7e1bcaaced9a54f1e9d0d2f800d,eardrum's,193,64
b7b16ecf8ca53723593894116071700c,biennial,174,64
352fe25daf686bdb4edca223c921acea,detaining,195,64
18d8042386b79e2c279fd162df0205c8,Knapp,125,64
bbf94b34eb32268ada57a3be5062fe7d,tenoned,183,64
4f4adcbf8c6f66dcfc8a3282ac2bf10a,control,155,64
bbcbff5c1f1ded46c25d28119a85c6c2,5480,91,64
8cb22bdd0b7ba1ab13d742e22eed8da2,secured,169,64
f4f6dce2f3a0f9dada0c2b5b66452017,they,106,64
a96b65a721e561e1e3de768ac819ffbb,intuits,190,64
1068c6e4c8051cfd4e9ea8072e3189e2,rolls,140,64
17d63b1625c816c22647a73e1482372b,crackle,162,64
b9228e0962a78b84f3d5d92f4faa000b,Doris's,129,64
0deb1c54814305ca9ad266f53bc82511,puttering,138,64
42e7aaa88b48137a16a1acd04ed91125,billet,129,64
41ae36ecb9b3eee609d05b90c14222fb,Robespierre,188,64
d1f255a373a3cef72e03aa9d980c7eca,mirage's,122,64
7eacb532570ff6858afd2723755ff790,accusers,200,64
e0c641195b27425bb056ac56f8953d24,debriefed,177,64
f85454e8279be180185cac7d243c5eb3,Havarti,164,64
3c7781a36bcd6cf08c11a970fbe0e2a6,hemorrhoids,176,64
25b2822c2f5a3230abfadd476e8b04c9,inmate,151,64
8d7d8ee069cb0cbbf816bbb65d56947e,3575,107,64
75fc093c0ee742f6dddaa13fff98f104,vivider,95,64
f74909ace68e51891440e4da0b65a70c,3750,90,64
66368270ffd51418ec58bd793f2d9b1b,4983,119,64
248e844336797ec98478f85e7626de4a,8395,107,64
019d385eb67632a7e958e23f24bd07d7,3938,115,64
ddb30680a691d157187ee1cf9e896d03,lading,89,64
1651cf0d2f737d7adeab84d339dbabd3,9741,63,64
eed5af6add95a9a6f1252739b1ad8c24,spaniel,197,64
15d4e891d784977cacbfcbb00c48f133,reunification,190,64
c203d8a151612acf12457e4d67635a95,phooey,135,64
13f3cf8c531952d72e5847c4183e6910,4473,117,64
550a141f12de6341fba65b0ad0433500,crippled,143,64
1a5b1e4daae265b790965a275b53ae50,Slavonic's,134,64
9b70e8fe62e40c570a322f1b0b659098,bungler's,191,64
d61e4bbd6393c9111e6526ea173a7c8b,inculpating,136,64
49ae49a23f67c759bf4fc791ba842aa2,Glaxo's,178,64
e44fea3bec53bcea3b7513ccef5857ac,Hindi,150,64
250cf8b51c773f3f8dc8b4be867a9a02,regally,175,64
d07e70efcfab08731a97e7b91be644de,showplace,195,64
7fe1f8abaad094e0b5cb1b01d712f708,passel,123,64
98b297950041a42470269d56260243a1,Torricelli,119,64
0353ab4cbed5beae847a7ff6e220b5cf,bleat,140,64
428fca9bc1921c25c5121f9da7815cde,auricle,77,64
dc6a6489640ca02b0d42dabeb8e46bb7,vies,84,64
8e6b42f1644ecb1327dc03ab345e618b,asininities,195,64
ef575e8837d065a1683c022d2077d342,refreshment,198,64
25ddc0f8c9d3e22e03d3076f98d83cb2,tailoring,114,64
5ef0b4eba35ab2d6180b0bca7e46b6f9,diver,120,64
598b3e71ec378bd83e0a727608b5db01,erupted,135,64
74071a673307ca7459bcf75fbd024e09,8200,112,64
cfee398643cbc3dc5eefc89334cacdc1,disrupts,173,64
d18f655c3fce66ca401d5f38b48c89af,caroled,160,64
6ea2ef7311b482724a9b7b0bc0dd85c6,twangs,141,64
9461cce28ebe3e76fb4b931c35a169b0,nightgown,185,64
e1e32e235eee1f970470a3a6658dfdd5,roundish,180,64
a516a87cfcaef229b342c437fe2b95f7,smidgins,116,64
c3c59e5f8b3e9753913f4d435b53c308,metro's,123,64
2f55707d4193dc27118a0f19a1985716,quieted,176,64
1be3bc32e6564055d5ca3e5a354acbef,gear,103,64
b534ba68236ba543ae44b22bd110a1d6,ewers,83,64
7380ad8a673226ae47fce7bff88e9c33,hick,73,64
3cf166c6b73f030b4f67eeaeba301103,Iowas,145,64
5b69b9cb83065d403869739ae7f0995e,shall,107,64
b5b41fac0361d157d9673ecb926af5ae,Fidel,70,64
285e19f20beded7d215102b49d5c09a0,looted,140,64
b337e84de8752b27eda3a12363109e80,elder's,108,64
e8c0653fea13f91bf3c48159f7c24f78,regressed,150,64
2d6cc4b2d139a53512fb8cbb3086ae2e,moat's,107,64
e2230b853516e7b05d79744fbd4c9c13,peace's,197,64
a760880003e7ddedfef56acb3b09697f,rationing,126,64
10a7cdd970fe135cf4f7bb55c0e3b59f,slaps,130,64
3dc4876f3f08201c7c76cb71fa1da439,balking,108,64
f3f27a324736617f20abbf2ffd806f6d,151,93,64
ebd9629fc3ae5e9f6611e2ee05a31cef,7916,83,64
07563a3fe3bbe7e3ba84431ad9d055af,Becky's,133,64
53fde96fcc4b4ce72d7739202324cd49,Siegfried's,177,64
2bb232c0b13c774965ef8558f0fbd615,sinned,147,64
ba2fd310dcaa8781a9a652a31baf3c68,Ghats,145,64
69421f032498c97020180038fddb8e24,nooses,171,64
f4be00279ee2e0a53eafdaa94a151e2c,plum,89,64
37f0e884fbad9667e38940169d0a3c95,foursome,139,64
d64a340bcb633f536d56e51874281454,pulse,91,64
0fcbc61acd0479dc77e3cccc0f5ffca7,filter's,156,64
c399862d3b9d6b76c8436e924a68c45b,hubbubs,150,64
65658fde58ab3c2b6e5132a39fae7cb9,6650,139,64
5ea1649a31336092c05438df996a3e59,Xerxes,144,64
7bcdf75ad237b8e02e301f4091fb6bc8,petitioned,161,64
5737034557ef5b8c02c0e46513b98f90,swivel,74,64
9b72e31dac81715466cd580a448cf823,loss,108,64
16c222aa19898e5058938167c8ab6c57,Welch's,197,64
7dcd340d84f762eba80aa538b0c527f7,elbow's,90,64
97e8527feaf77a97fc38f34216141515,digestions,169,64
647bba344396e7c8170902bcf2e15551,townsman's,168,64
ed265bc903a5a097f61d3ec064d96d2e,marched,145,64
c75b6f114c23a4d7ea11331e7c00e73c,weakens,198,64
ccb1d45fb76f7c5a0bf619f979c6cf36,colloquia,162,64
01f78be6f7cad02658508fe4616098a9,chimera,124,64
94c7bb58efc3b337800875b5d382a072,sissy's,162,64
5e388103a391daabe3de1d76a6739ccd,vegans,102,64
15de21c670ae7c3f6f3f1f37029303c9,3786,127,64
6e2713a6efee97bacb63e52c54f0ada0,Greece,122,64
1bb91f73e9d31ea2830a5e73ce3ed328,letups,102,64
3a0772443a0739141292a5429b952fe6,unpopularity,172,64
a9a6653e48976138166de32772b1bf40,boxes,124,64
58ae749f25eded36f486bc85feb3f0ab,bouncer's,198,64
8eefcfdf5990e441f0fb6f3fad709e21,Bakersfield,157,64
1728efbda81692282ba642aafd57be3a,clinics,131,64
cbcb58ac2e496207586df2854b17995f,potash,166,64
db85e2590b6109813dafa101ceb2faeb,riffing,103,64
99c5e07b4d5de9d18c350cdf64c5aa3d,Canute's,148,64
dd458505749b2941217ddd59394240e8,poisoner,199,64
8b16ebc056e613024c057be590b542eb,camels,153,64
a86c450b76fb8c371afead6410d55534,riffle,113,64
c9892a989183de32e976c6f04e700201,okras,120,64
e6b4b2a746ed40e1af829d1fa82daa10,ignoring,190,64
f0e52b27a7a5d6a1a87373dffa53dbe5,pedigree,176,64
ffeabd223de0d4eacb9a3e6e53e5448d,amoeba,189,64
a8849b052492b5106526b2331e526138,3905,98,64
258be18e31c8188555c2ff05b4d542c3,benumbed,139,64
069d3bb002acd8d7dd095917f9efe4cb,Fafnir,160,64
46922a0880a8f11f8f69cbb52b1396be,Asia,103,64
9ad6aaed513b73148b7d49f70afcfb32,warders,172,64
f5deaeeae1538fb6c45901d524ee2f98,cue,66,64
a9a1d5317a33ae8cef33961c34144f84,damnably,177,64
605ff764c617d3cd28dbbdd72be8f9a2,plaints,146,64
daca41214b39c5dc66674d09081940f0,debuted,155,64
30bb3825e8f631cc6075c0f87bb4978c,retails,177,64
3493894fa4ea036cfc6433c3e2ee63b0,enlivened,135,64
dbe272bab69f8e13f14b405e038deb64,coerce,158,64
acc3e0404646c57502b480dc052c4fe1,Nosferatu,157,64
076a0c97d09cf1a0ec3e19c7f2529f2b,6860,99,64
04ecb1fa28506ccb6f72b12c0245ddbc,2467,135,64
b2eeb7362ef83deff5c7813a67e14f0a,6275,119,64
6aca97005c68f1206823815f66102863,tracker's,140,64
3435c378bb76d4357324dd7e69f3cd18,Baez,95,64
d490d7b4576290fa60eb31b5fc917ad1,7658,131,64
b2f627fff19fda463cb386442eac2b3d,rovers,149,64
9cf81d8026a9018052c429cc4e56739b,semis,80,64
c361bc7b2c033a83d663b8d9fb4be56e,lodge's,99,64
44c4c17332cace2124a1a836d9fc4b6f,7433,131,64
dc82d632c9fcecb0778afbc7924494a6,entrapped,109,64
d7a728a67d909e714c0774e22cb806f2,disposal,183,64
00ac8ed3b4327bdd4ebbebcb2ba10a00,camper,145,64
f29c21d4897f78948b91f03172341b7b,czarina's,180,64
851ddf5058cf22df63d3344ad89919cf,emblems,133,64
58d4d1e7b1e97b258c9ed0b37e02d087,tushes,165,64
5d44ee6f2c3f71b73125876103c8f6c4,reformer,177,64
eb6fdc36b281b7d5eabf33396c2683a2,nobody's,174,64
cdc0d6e63aa8e41c89689f54970bb35f,ageing's,191,64
b73dfe25b4b8714c029b37a6ad3006fa,Karla,120,64
3871bd64012152bfb53fdf04b401193f,herbivore's,177,64
a733fa9b25f33689e2adbe72199f0e62,Garvey's,105,64
48ab2f9b45957ab574cf005eb8a76760,tuber's,175,64
45645a27c4f1adc8a7a835976064a86d,acquaints,139,64
42e77b63637ab381e8be5f8318cc28a2,502,98,64
051e4e127b92f5d98d3c79b195f2b291,loafed,159,64
abd815286ba1007abfbb8415b83ae2cf,entering,185,64
6766aa2750c19aad2fa1b32f36ed4aee,rides,127,64
6a10bbd480e4c5573d8f3af73ae0454b,opal,64,64
c5ab0bc60ac7929182aadd08703f1ec6,offense,181,64
4c27cea8526af8cfee3be5e183ac9605,Barnum,146,64
291597a100aadd814d197af4f4bab3a7,Malone's,131,64
9b698eb3105bd82528f23d0c92dedfc0,grebe,145,64
5e9f92a01c986bafcabbafd145520b13,regulars,183,64
0ff39bbbf981ac0151d340c9aa40e63e,menorah,190,64
303ed4c69846ab36c2904d3ba8573050,canyons,162,64
55b37c5c270e5d84c793e486d798c01d,awry,91,64
884d247c6f65a96a7da4d1105d584ddd,eagles,150,64
55743cc0393b1cb4b8b37d09ae48d097,2270,131,64
30ef30b64204a3088a26bc2e6ecf7602,methane's,175,64
eaae339c4d89fc102edd9dbdb6a28915,drill,140,64
26408ffa703a72e8ac0117e74ad46f33,wet,49,64
b4288d9c0ec0a1841b3b3728321e7088,hey,82,64
2f37d10131f2a483a8dd005b3d14b0d9,jocundity,138,64
0ff8033cf9437c213ee13937b1c4c455,snootiness's,176,64
3a066bda8c96b9478bb0512f0a43028c,absorbent,195,64
be3159ad04564bfb90db9e32851ebf9c,2199,119,64
8757150decbd89b0f5442ca3db4d0e0e,malleable,156,64
2291d2ec3b3048d1a6f86c2c4591b7e0,fluent,110,64
84117275be999ff55a987b9381e01f96,queries,147,64
fae0b27c451c728867a567e8c1bb4e53,7820,131,64
192fc044e74dffea144f9ac5dc9f3395,meanings,191,64
5c04925674920eb58467fb52ce4ef728,9831,123,64
17c276c8e723eb46aef576537e9d56d0,bid,56,64
9f396fe44e7c05c16873b05ec425cbad,5814,116,64
0d7de1aca9299fe63f3e0041f02638a3,titans,129,64
8fecb20817b3847419bb3de39a609afe,actinium's,187,64
dc6a70712a252123c40d2adba6a11d84,Tswana,103,64
71a3cb155f8dc89bf3d0365288219936,lambing,165,64
ca9c267dad0305d1a6308d2a0cf1c39c,Godiva's,139,64
08d98638c6fcd194a4b1e6992063e944,knavery,123,64
24681928425f5a9133504de568f5f6df,John's,75,64
556f391937dfd4398cbac35e050a2177,8012,123,64
3328bdf9a4b9504b9398284244fe97c2,dorks,124,64
109a0ca3bc27f3e96597370d5c8cf03d,Angevin's,105,64
7f5d04d189dfb634e6a85bb9d9adf21e,puffball's,142,64
07a96b1f61097ccb54be14d6a47439b0,cringes,101,64
c06d06da9666a219db15cf575aff2824,Antaeus,171,64
e555ebe0ce426f7f9b2bef0706315e0c,phonying,156,64
5487315b1286f907165907aa8fc96619,gyp,94,64
8a0e1141fd37fa5b98d5bb769ba1a7cc,cleric's,150,64
b4a528955b84f584974e92d025a75d1f,spotlight,135,64
d6c651ddcd97183b2e40bc464231c962,repelled,149,64
f64eac11f2cd8f0efa196f8ad173178e,infusion,128,64
4a47d2983c8bd392b120b627e0e1cab4,unseemlier,193,64
9c82c7143c102b71c593d98d96093fde,flustering,190,64
500e75a036dc2d7d2fec5da1b71d36cc,carnivore,188,64
1ecfb463472ec9115b10c292ef8bc986,Bunker,161,64
e70611883d2760c8bbafb4acb29e3446,fiord's,96,64
6081594975a764c8e3a691fa2b3a321d,Morse,155,64
19bc916108fc6938f52cb96f7e087941,enshrined,158,64
8df707a948fac1b4a0f97aa554886ec8,6253,127,64
e7f8a7fb0b77bcb3b283af5be021448f,cherishes,134,64
788d986905533aba051261497ecffcbb,Waldensian,160,64
50c3d7614917b24303ee6a220679dab3,antitoxin,120,64
5f2c22cb4a5380af7ca75622a6426917,lagged,147,64
7f1171a78ce0780a2142a6eb7bc4f3c8,futz,102,64
82f2b308c3b01637c607ce05f52a2fed,Tilsit's,97,64
0d3180d672e08b4c5312dcdafdf6ef36,5560,95,64
fb89705ae6d743bf1e848c206e16a1d7,erudite,176,64
5751ec3e9a4feab575962e78e006250d,McKee's,137,64
d5cfead94f5350c12c322b5b664544c1,toady's,197,64
ba3866600c3540f67c1e9575e213be0a,3810,119,64
6c29793a140a811d0c45ce03c1c93a28,illusion,115,64
e995f98d56967d946471af29d7bf99f1,adrift,157,64
6cd67d9b6f0150c77bda2eda01ae484c,unofficially,181,64
6bc24fc1ab650b25b4114e93a98f1eba,briquet's,97,64
a5cdd4aa0048b187f7182f1b9ce7a6a7,backdrop's,155,64
df263d996281d984952c07998dc54358,oat,76,64
edfbe1afcf9246bb0d40eb4d8027d90f,malformation's,180,64
5c572eca050594c7bc3c36e7e8ab9550,tush,104,64
5f0f5e5f33945135b874349cfbed4fb9,raffia,145,64
185e65bc40581880c4f2c82958de8cfe,Iapetus,99,64
b056eb1587586b71e2da9acfe4fbd19e,prancers,191,64
912d2b1c7b2826caf99687388d2e8f7c,4191,99,64
a1d33d0dfec820b41b54430b50e96b5c,hogwash,176,64
6f2268bd1d3d3ebaabb04d6b5d099425,Gauss's,105,64
872488f88d1b2db54d55bc8bba2fad1b,tried,131,64
ccb0989662211f61edae2e26d58ea92f,8482,101,64
470e7a4f017a5476afb7eeb3f8b96f9b,8584,111,64
2ca65f58e35d9ad45bf7f3ae5cfd08f1,Sondra's,177,64
88ae6372cfdc5df69a976e893f4d554b,8908,95,64
06997f04a7db92466a2baa6ebc8b872d,redeems,127,64
3a835d3215755c435ef4fe9965a3f2a0,Nile's,127,64
288cc0ff022877bd3df94bc9360b9c5d,unluckiest,152,64
4ea06fbc83cdd0a06020c35d50e1e89a,7417,120,64
4e0928de075538c593fbdabb0c5ef2c3,gleamed,197,64
8c6744c9d42ec2cb9e8885b54ff744d0,latecomers,176,64
f1c1592588411002af340cbaedd6fc33,afield,130,64
e07413354875be01a996dc560274708e,allocations,141,64
67d96d458abdef21792e6d8e590244e7,Foley,100,64
a8e864d04c95572d1aece099af852d0a,6790,107,64
7143d7fbadfa4693b9eec507d9d37443,Th,70,64
6e0721b2c6977135b916ef286bcb49ec,9895,101,64
fc8001f834f6a5f0561080d134d53d29,bruin,91,64
4b04a686b0ad13dce35fa99fa4161c65,indigent,191,64
c15da1f2b5e5ed6e6837a3802f0d1593,8245,85,64
68053af2923e00204c3ca7c6a3150cf7,MIT,56,64
2dace78f80bc92e6d7493423d729448e,transoms,141,64
df7f28ac89ca37bf1abd2f6c184fe1cf,9866,102,64
96ea64f3a1aa2fd00c72faacf0cb8ac9,crumbling,133,64
da8ce53cf0240070ce6c69c48cd588ee,martin's,181,64
82489c9737cc245530c7a6ebef3753ec,sacraments,167,64
7c590f01490190db0ed02a5070e20f01,Hoyle,130,64
beb22fb694d513edcf5533cf006dfeae,parrying,174,64
9e3cfc48eccf81a0d57663e129aef3cb,6453,76,64
28267ab848bcf807b2ed53c3a8f8fc8a,fading,86,64
7a53928fa4dd31e82c6ef826f341daec,9969,119,64
1905aedab9bf2477edc068a355bba31a,Silvia's,79,64
1141938ba2c2b13f5505d7c424ebae5f,Durban,148,64
1aa48fc4880bb0c9b8a3bf979d3b917e,Cote's,101,64
dc5689792e08eb2e219dce49e64c885b,feces's,155,64
846c260d715e5b854ffad5f70a516c88,striping,199,64
6e7b33fdea3adc80ebd648fffb665bb8,jettison,125,64
a8ecbabae151abacba7dbde04f761c37,6532,88,64
32b30a250abd6331e03a2a1f16466346,black's,157,64
670e8a43b246801ca1eaca97b3e19189,intercedes,152,64
81e74d678581a3bb7a720b019f4f1a93,revelling,154,64
e0cf1f47118daebc5b16269099ad7347,holding's,132,64
96b9bff013acedfb1d140579e2fbeb63,bedazzled,141,64
71ad16ad2c4d81f348082ff6c4b20768,halfway,132,64
f0adc8838f4bdedde4ec2cfad0515589,droops,171,64
3b5dca501ee1e6d8cd7b905f4e1bf723,4705,115,64
afda332245e2af431fb7b672a68b659d,Estonian,183,64
677e09724f0e2df9b6c000b75b5da10d,lungs,125,64
d554f7bb7be44a7267068a7df88ddd20,temperate,159,64
fa3a3c407f82377f55c19c5d403335c7,suppository's,200,64
c2626d850c80ea07e7511bbae4c76f4b,brighter,183,64
ce78d1da254c0843eb23951ae077ff5f,Lowe's,72,64
e0ec453e28e061cc58ac43f91dc2f3f0,drunker,129,64
7250eb93b3c18cc9daa29cf58af7a004,Nero's,139,64
013a006f03dbc5392effeb8f18fda755,peephole,168,64
301ad0e3bd5cb1627a2044908a42fdc2,Agassi's,191,64
4d5b995358e7798bc7e9d9db83c612a5,indecency,133,64
ab88b15733f543179858600245108dd8,imperials,126,64
b0b183c207f46f0cca7dc63b2604f5cc,socialist,175,64
f9028faec74be6ec9b852b0a542e2f39,Gibraltar's,136,64
8f7d807e1f53eff5f9efbe5cb81090fb,Hockney's,144,64
fa83a11a198d5a7f0bf77a1987bcd006,ire,51,64
fc3cf452d3da8402bebb765225ce8c0e,Slinky's,193,64
e97ee2054defb209c35fe4dc94599061,Podgorica,138,64
84f7e69969dea92a925508f7c1f9579a,lop,64,64
f4552671f8909587cf485ea990207f3b,populace's,155,64
1efa39bcaec6f3900149160693694536,Lela's,80,64
aff1621254f7c1be92f64550478c56e6,workings,189,64
f7e9050c92a851b0016442ab604b0488,Ava's,115,64
addfa9b7e234254d26e9c7f2af1005cb,Hodge's,164,64
847cc55b7032108eee6dd897f3bca8a5,tsarina,104,64
f9a40a4780f5e1306c46f1c8daecee3b,spew's,152,64
5ec91aac30eae62f4140325d09b9afd0,Berra,97,64
19b650660b253761af189682e03501dd,stouter,169,64
1fc214004c9481e4c8073e85323bfd4b,Ellesmere,193,64
ca8155f4d27f205953f9d3d7974bdd70,soars,103,64
ede7e2b6d13a41ddf9f4bdef84fdc737,delusive,199,64
dd45045f8c68db9f54e70c67048d32e8,diverges,156,64
49c9adb18e44be0711a94e827042f630,9736,131,64
aeb3135b436aa55373822c010763dd54,mystifies,107,64
43feaeeecd7b2fe2ae2e26d917b6477d,exactly,181,64
dd8eb9f23fbd362da0e3f4e70b878c16,foray's,169,64
d516b13671a4179d9b7b458a6ebdeb92,8342,99,64
1f50893f80d6830d62765ffad7721742,Marxism,168,64
7504adad8bb96320eb3afdd4df6e1f60,Aston,135,64
704afe073992cbe4813cae2f7715336f,destruction's,184,64
7ce3284b743aefde80ffd9aec500e085,wows,119,64
07871915a8107172b3b5dc15a6574ad3,Arabians,199,64
024d7f84fff11dd7e8d9c510137a2381,individuals,197,64
cfbce4c1d7c425baf21d6b6f2babe6be,Hershey's,197,64
c2aee86157b4a40b78132f1e71a9e6f1,strengthen,143,64
d56b9fc4b0f1be8871f5e1c40c0067e7,rougher,86,64
4b0250793549726d5c1ea3906726ebfe,fidget's,167,64
20aee3a5f4643755a79ee5f6a73050ac,snug's,171,64
061412e4a03c02f9902576ec55ebbe77,disported,153,64
5705e1164a8394aace6018e27d20d237,denture,173,64
a64c94baaf368e1840a1324e839230de,roils,135,64
acf4b89d3d503d8252c9c4ba75ddbf6d,decor,125,64
892c91e0a653ba19df81a90f89d99bcd,aggressive,145,64
aa169b49b583a2b5af89203c2b78c67c,8216,127,64
f47d0ad31c4c49061b9e505593e3db98,possible's,169,64
c8fbbc86abe8bd6a5eb6a3b4d0411301,coinage,108,64
621461af90cadfdaf0e8d4cc25129f91,bucket's,112,64
b56a18e0eacdf51aa2a5306b0f533204,embarrassing,174,64
7634ea65a4e6d9041cfd3f7de18e334a,tenuous,194,64
24896ee4c6526356cc127852413ea3b4,depraves,191,64
da0d1111d2dc5d489242e60ebcbaf988,choosing,199,64
1e056d2b0ebd5c878c550da6ac5d3724,like's,110,64
3e89ebdb49f712c7d90d1b39e348bbbf,gelatine,142,64
6d0f846348a856321729a2f36734d1a7,manacle,118,64
430c3626b879b4005d41b8a46172e0c0,dowels,100,64
ccc0aa1b81bf81e16c676ddb977c5881,Urania's,180,64
bea5955b308361a1b07bc55042e25e54,prefabrication,200,64
d045c59a90d7587d8d671b5f5aec4e7c,dictation's,195,64
9f53d83ec0691550f7d2507d57f4f5a2,Capri,70,64
d2ed45a52bc0edfa11c2064e9edee8bf,kindling,91,64
043c3d7e489c69b48737cc0c92d0f3a2,chancing,199,64
e820a45f1dfc7b95282d10b6087e11c0,Rasalhague's,196,64
90794e3b050f815354e3e29e977a88ab,macroscopic,180,64
b7892fb3c2f009c65f686f6355c895b5,beatific,175,64
74bba22728b6185eec06286af6bec36d,bunkum,187,64
3df1d4b96d8976ff5986393e8767f5b2,flannelette's,196,64
8d6dc35e506fc23349dd10ee68dabb64,Deming's,124,64
92262bf907af914b95a0fc33c3f33bf6,Dalton's,117,64
b55ec28c52d5f6205684a473a2193564,boulder,128,64
2f885d0fbe2e131bfc9d98363e55d1d4,lamb,99,64
64223ccf70bbb65a3a4aceac37e21016,sprat's,80,64
4b6538a44a1dfdc2b83477cd76dee98e,why,75,64
c8c41c4a18675a74e01c8a20e8a0f662,celebrity's,151,64
c4b31ce7d95c75ca70d50c19aef08bf1,quills,72,64
58e4d44e550d0f7ee0a23d6b02d9b0db,prince,119,64
1c1d4df596d01da60385f0bb17a4a9e0,3133,135,64
6395ebd0f4b478145ecfbaf939454fa4,casuals,177,64
ef4e3b775c934dada217712d76f3d51f,grays,90,64
168908dd3227b8358eababa07fcaf091,prof's,96,64
0f840be9b8db4d3fbd5ba2ce59211f55,3372,127,64
437d7d1d97917cd627a34a6a0fb41136,pickers,176,64
d707329bece455a462b58ce00d1194c9,smuttier,137,64
1ce927f875864094e3906a4a0b5ece68,flaking,146,64
eeb69a3cb92300456b6a5f4162093851,scuffs,158,64
4e0cb6fb5fb446d1c92ede2ed8780188,morocco,125,64
6cfe0e6127fa25df2a0ef2ae1067d915,delta,149,64
8f468c873a32bb0619eaeb2050ba45d1,4372,122,64
89fcd07f20b6785b92134bd6c1d0fa42,be,75,64
c22abfa379f38b5b0411bc11fa9bf92f,swish's,140,64
ca75910166da03ff9d4655a0338e6b09,critiqued,141,64
4311359ed4969e8401880e3c1836fbe1,slob's,112,64
92977ae4d2ba21425a59afb269c2a14e,titbit's,94,64
9c01802ddb981e6bcfbec0f0516b8e35,zaniest,111,64
d79aac075930c83c2f1e369a511148fe,rookery,80,64
287e03db1d99e0ec2edb90d079e142f3,6664,65,64
fec8d47d412bcbeece3d9128ae855a7a,6323,99,64
d93ed5b6db83be78efb0d05ae420158e,Latino's,153,64
54a367d629152b720749e187b3eaa11b,misread,118,64
fe7ee8fc1959cc7214fa21c4840dff0a,Juno's,90,64
9908279ebbf1f9b250ba689db6a0222b,abductor,136,64
a1140a3d0df1c81e24ae954d935e8926,enema,107,64
4fac9ba115140ac4f1c22da82aa0bc7f,llamas,107,64
692f93be8c7a41525c0baf2076aecfb4,horrify,156,64
860320be12a1c050cd7731794e231bd3,6525,131,64
7b13b2203029ed80337f27127a9f1d28,milf's,159,64
934815ad542a4a7c5e8a2dfa04fea9f5,6312,108,64
2bcab9d935d219641434683dd9d18a03,Aspell's,100,64
0b8aff0438617c055eb55f0ba5d226fa,impaled,150,64
b706835de79a2b4e80506f582af3676a,Kari,78,64
b8c37e33defde51cf91e1e03e51657da,sauna's,194,64
fba9d88164f3e2d9109ee770223212a0,spooring,127,64
9246444d94f081e3549803b928260f56,syllables,126,64
d7322ed717dedf1eb4e6e52a37ea7bcd,sheikdom,144,64
1587965fb4d4b5afe8428a4a024feb0d,squads,108,64
31b3b31a1c2f8a370206f111127c0dbd,howdy,169,64
7f975a56c761db6506eca0b37ce6ec87,Cornish's,193,64
766d856ef1a6b02f93d894415e6bfa0e,Lestrade,137,64
298923c8190045e91288b430794814c4,goody,155,64
08fe2621d8e716b02ec0da35256a998d,niggard,176,64
5d616dd38211ebb5d6ec52986674b6e4,imbibe,99,64
03e0704b5690a2dee1861dc3ad3316c9,ferment's,105,64
0768281a05da9f27df178b5c39a51263,pizzerias,162,64
93d65641ff3f1586614cf2c1ad240b6c,pitied,147,64
ce5140df15d046a66883807d18d0264b,Jame's,111,64
021bbc7ee20b71134d53e20206bd6feb,protestant,181,64
82b8a3434904411a9fdc43ca87cee70c,muzzles,197,64
24146db4eb48c718b84cae0a0799dcfc,bewares,185,64
883e881bb4d22a7add958f2d6b052c9f,dithers,122,64
995e1fda4a2b5f55ef0df50868bf2a8f,Adan,115,64
bdb106a0560c4e46ccc488ef010af787,Mendocino's,152,64
6d70cb65d15211726dcce4c0e971e21c,Forrest,162,64
537d9b6c927223c796cac288cced29df,tights's,159,64
d736bb10d83a904aefc1d6ce93dc54b8,Alton,81,64
9ac403da7947a183884c18a67d3aa8de,kindergarten,130,64
a0e2a2c563d57df27213ede1ac4ac780,Ericka's,183,64
1579779b98ce9edb98dd85606f2c119d,realms,159,64
20b5e1cf8694af7a3c1ba4a87f073021,trances,105,64
456ac9b0d15a8b7f1e71073221059886,Quinn,150,64
7fec306d1e665bc9c748b5d2b99a6e97,worries,156,64
db576a7d2453575f29eab4bac787b919,weeper,129,64
53c04118df112c13a8c34b38343b9c10,Laotians,154,64
b4d168b48157c623fbd095b4a565b5bb,4396,123,64
4a08142c38dbe374195d41c04562d9f8,4129,89,64
299a23a2291e2126b91d54f3601ec162,centennial,124,64
a89cf525e1d9f04d16ce31165e139a4b,brakes,168,64
cd89fef7ffdd490db800357f47722b20,spacing,162,64
2290a7385ed77cc5592dc2153229f082,contortion,121,64
31857b449c407203749ae32dd0e7d64a,pileup,140,64
53adaf494dc89ef7196d73636eb2451b,slue,107,64
fc2c7c47b918d0c2d792a719dfb602ef,orally,131,64
dc58e3a306451c9d670adcd37004f48f,emetics,181,64
1b0114c51cc532ed34e1954b5b9e4b58,bowsprits,118,64
a1519de5b5d44b31a01de013b9b51a80,cinematography,148,64
708f3cf8100d5e71834b1db77dfa15d6,fortress,128,64
46072631582fc240dd2674a7d063b040,club,102,64
8a1e808b55fde9455cb3d8857ed88389,aloha,132,64
062ddb6c727310e76b6200b7c71f63b5,8261,119,64
522a9ae9a99880d39e5daec35375e999,blanking,99,64
43baa6762fa81bb43b39c62553b2970d,paramour,144,64
731c83db8d2ff01bdc000083fd3c3740,crimps,125,64
818f4654ed39a1c147d1e51a00ffb4cb,Ebola's,157,64
9f36407ead0629fc166f14dde7970f68,overthinks,154,64
4f16c818875d9fcb6867c7bdc89be7eb,7614,92,64
d91d1b4d82419de8a614abce9cc0e6d4,tiring,132,64
a26398dca6f47b49876cbaffbc9954f9,randiest,199,64
b1563a78ec59337587f6ab6397699afc,slalom's,150,64
8b4066554730ddfaa0266346bdc1b202,endlessly,160,64
6a2feef8ed6a9fe76d6b3f30f02150b4,lubber's,166,64
68b1fbe7f16e4ae3024973f12f3cb313,digresses,135,64
41bfd20a38bb1b0bec75acf0845530a7,shariah,140,64
a5e0ff62be0b08456fc7f1e88812af3d,zodiacs,166,64
a0160709701140704575d499c997b6ca,volatile,175,64
1e6e0a04d20f50967c64dac2d639a577,lockout,176,64
aace49c7d80767cffec0e513ae886df0,overages,91,64
af21d0c97db2e27e13572cbf59eb343d,3623,103,64
c9f95a0a5af052bffce5c89917335f67,deprograming,197,64
b9d487a30398d42ecff55c228ed5652b,slap's,109,64
2cbca44843a864533ec05b321ae1f9d1,gall's,135,64
b59c67bf196a4758191e42f76670ceba,Caedmon's,161,64
20d135f0f28185b84a4cf7aa51f29500,pays,115,64
d6ef5f7fa914c19931a55bb262ec879c,candelabrum's,196,64
e19347e1c3ca0c0b97de5fb3b690855a,group's,122,64
dd77279f7d325eec933f05b1672f6a1f,Dedekind's,151,64
c60d060b946d6dd6145dcbad5c4ccf6f,monitor's,196,64
c6036a69be21cb660499b75718a3ef24,Mendelian's,200,64
3a15c7d0bbe60300a39f76f8a5ba6896,stratification's,192,64
3b712de48137572f3849aabd5666a4e3,start's,85,64
2cfd4560539f887a5e420412b370b361,Gipsy's,119,64
c7635bfd99248a2cdef8249ef7bfbef4,homeopathy's,172,64
ffeed84c7cb1ae7bf4ec4bd78275bb98,nomad's,166,64
69a5b5995110b36a9a347898d97a610e,Billings,84,64
4a213d37242bdcad8e7300e202e7caa4,wilting,143,64
fe709c654eac84d5239d1a12a4f71877,twitting,156,64
571e0f7e2d992e738adff8b1bd43a521,tanned,165,64
fd06b8ea02fe5b1c2496fe1700e9d16c,cursor,145,64
7c9d0b1f96aebd7b5eca8c3edaa19ebb,buzzer's,116,64
fd2c5e4680d9a01dba3aada5ece22270,jiggers,149,64
801c14f07f9724229175b8ef8b4585a8,cam's,145,64
c3e0c62ee91db8dc7382bde7419bb573,lexica,142,64
184260348236f9554fe9375772ff966e,Francis,159,64
8248a99e81e752cb9b41da3fc43fbe7f,exclusive,167,64
f7f580e11d00a75814d2ded41fe8e8fe,gushiest,191,64
208e43f0e45c4c78cafadb83d2888cb6,flume,122,64
4588e674d3f0faf985047d4c3f13ed0d,cramming,180,64
8a3363abe792db2d8761d6403605aeb7,rhythms,165,64
a1d50185e7426cbb0acad1e6ca74b9aa,meowed,196,64
09c6c3783b4a70054da74f2538ed47c6,birch's,132,64
f197002b9a0853eca5e046d9ca4663d5,Wharton,169,64
55b1927fdafef39c48e5b73b5d61ea60,Strong's,178,64
e8b1cbd05f6e6a358a81dee52493dd06,podded,198,64
0c048b3a434e49e655c1247efb389cec,billion's,119,64
16e6a3326dd7d868cbc926602a61e4d0,699,69,64
38ca89564b2259401518960f7a06f94b,cringed,192,64
abea47ba24142ed16b7d8fbf2c740e0d,vegetative,147,64
6e7d2da6d3953058db75714ac400b584,Windward's,125,64
00e26af6ac3b1c1c49d7c3d79c60d000,buyout,106,64
a3fb4fbf9a6f9cf09166aa9c20cbc1ad,ester's,100,64
0f2c9a93eea6f38fabb3acb1c31488c6,fodder,167,64
2f29b6e3abc6ebdefb55456ea6ca5dc8,Khmer,143,64
a113c1ecd3cace2237256f4c712f61b5,reaping,162,64
0a0a0c8aaa00ade50f74a3f0ca981ed7,7522,127,64
3473decccb0509fb264818a7512a8b9b,flannel,162,64
a7d8ae4569120b5bec12e7b6e9648b86,Galilee,153,64
83f97f4825290be4cb794ec6a234595f,Alzheimer's,153,64
dabd8d2ce74e782c65a973ef76fd540b,bosom,125,64
6eb6e75fddec0218351dc5c0c8464104,3044,127,64
2ac2406e835bd49c70469acae337d292,Tiber,135,64
f47330643ae134ca204bf6b2481fec47,touted,148,64
0e095e054ee94774d6a496099eb1cf6a,e,39,64
97af4fb322bb5c8973ade16764156bed,Pygmies,162,64
5680522b8e2bb01943234bce7bf84534,clew's,99,64
2b6d65b9a9445c4271ab9076ead5605a,Arline,142,64
4f284803bd0966cc24fa8683a34afc6e,reschedule,165,64
c44e503833b64e9f27197a484f4257c0,aquamarine's,190,64
b20bb95ab626d93fd976af958fbc61ba,steel,85,64
52292e0c763fd027c6eba6b8f494d2eb,7740,126,64
9a3d458322d70046f63dfd8b0153ece4,intuitions,197,64
0188e8b8b014829e2fa0f430f0a95961,leopard,124,64
9adeb82fffb5444e81fa0ce8ad8afe7a,Bukharin,171,64
ae5e3ce40e0404a45ecacaaf05e5f735,except,171,64
c54e7837e0cd0ced286cb5995327d1ab,stock's,157,64
4d2e7bd33c475784381a64e43e50922f,gene's,108,64
fe2d010308a6b3799a3d9c728ee74244,hallowing,111,64
7501e5d4da87ac39d782741cd794002d,3628,104,64
491442df5f88c6aa018e86dac21d3606,9891,135,64
fb2fcd534b0ff3bbed73cc51df620323,haloing,162,64
144a3f71a03ab7c4f46f9656608efdb2,equivocates,191,64
4e4e53aa080247bc31d0eb4e7aeb07a0,calcine,164,64
a58149d355f02887dfbe55ebb2b64ba3,iTunes,130,64
7e7e69ea3384874304911625ac34321c,Salinas's,128,64
33ceb07bf4eeb3da587e268d663aba1a,server's,172,64
3948ead63a9f2944218de038d8934305,spams,160,64
3f67fd97162d20e6fe27748b5b372509,wimpier,192,64
2715518c875999308842e3455eda2fe3,fabrication's,194,64
b24d516bb65a5a58079f0f3526c87c57,caveats,125,64
1d72310edc006dadf2190caad5802983,goodnight,137,64
3a029f04d76d32e79367c4b3255dda4d,hinge,132,64
43cca4b3de2097b9558efefd0ecc3588,8109,89,64
68d13cf26c4b4f4f932e3eff990093ba,beck,117,64
3210ddbeaa16948a702b6049b8d9a202,costar's,173,64
eb86d510361fc23b59f18c1bc9802cc6,skywriter's,171,64
310ce61c90f3a46e340ee8257bc70e93,noncom,116,64
e034fb6b66aacc1d48f445ddfb08da98,antic,74,64
7bccfde7714a1ebadf06c5f4cea752c1,crusaders,144,64
b3ba8f1bee1238a2f37603d90b58898d,ingeniously,200,64
a9078e8653368c9c291ae2f8b74012e7,sharpest,146,64
2de5d16682c3c35007e4e92982f1a2ba,pickup,151,64
e1d5be1c7f2f456670de3d53c7b54f4a,Lenore,141,64
2c89109d42178de8a367c0228f169bf8,confirmation,161,64
5eac43aceba42c8757b54003a58277b5,assess,132,64
905056c1ac1dad141560467e0a99e1cf,curler,108,64
e6d8545daa42d5ced125a4bf747b3688,buffets,169,64
39e4973ba3321b80f37d9b55f63ed8b8,jabs,120,64
2ba8698b79439589fdd2b0f7218d8b07,soot,90,64
81e5f81db77c596492e6f1a5a792ed53,national's,106,64
a284df1155ec3e67286080500df36a9a,native's,153,64
b495ce63ede0f4efc9eec62cb947c162,cricketers,151,64
884ce4bb65d328ecb03c598409e2b168,pictorial's,122,64
e3251075554389fe91d17a794861d47b,lenses,143,64
cd758e8f59dfdf06a852adad277986ca,knapsack,103,64
f4573fc71c731d5c362f0d7860945b88,afford,108,64
17326d10d511828f6b34fa6d751739e2,behaved,189,64
7eb3c8be3d411e8ebfab08eba5f49632,1784,103,64
6c8dba7d0df1c4a79dd07646be9a26c8,tolerance's,144,64
0ce2ffd21fc958d9ef0ee9ba5336e357,Holman's,163,64
8e2cfdc275761edc592f73a076197c33,dredge,120,64
193002e668758ea9762904da1a22337c,Len's,106,64
e00406144c1e7e35240afed70f34166a,naughts,162,64
7810ccd41bf26faaa2c4e1f20db70a71,wiggles,162,64
f91e24dfe80012e2a7984afa4480a6d6,9326,108,64
bb04af0f7ecaee4aae62035497da1387,caparisoning,138,64
fb60d411a5c5b72b2e7d3527cfc84fd0,obverse's,179,64
d759175de8ea5b1d9a2660e45554894f,Hanover's,195,64
ab1a4d0dd4d48a2ba1077c4494791306,probationer,155,64
995665640dc319973d3173a74a03860c,tidiness,183,64
da11e8cd1811acb79ccf0fd62cd58f86,marquee,169,64
d94e18a8adb4cc0f623f7a83b1ac75b4,reflection's,187,64
1cecc7a77928ca8133fa24680a88d2f9,billionth,153,64
018b59ce1fd616d874afad0f44ba338d,Noyce's,193,64
242c100dc94f871b6d7215b868a875f8,8986,103,64
944bdd9636749a0801c39b6e449dbedc,shifted,190,64
4079016d940210b4ae9ae7d41c4a2065,hallow,160,64
0e9fa1f3e9e66792401a6972d477dcc3,toy,91,64
7c82fab8c8f89124e2ce92984e04fb40,overdose,199,64
84438b7aae55a0638073ef798e50b4ef,march,135,64
dc87c13749315c7217cdc4ac692e704c,desultory,137,64
286674e3082feb7e5afb92777e48821f,rhapsodize,151,64
a51fb975227d6640e4fe47854476d133,tor,49,64
6f3e29a35278d71c7f65495871231324,splitting's,111,64
2df45244f09369e16ea3f9117ca45157,instrumental's,174,64
996009f2374006606f4c0b0fda878af1,Berry,87,64
d282ef263719ab842e05382dc235f69e,millage,155,64
5caf41d62364d5b41a893adc1a9dd5d4,1343,74,64
f93882cbd8fc7fb794c1011d63be6fb6,undue,107,64
a0872cc5b5ca4cc25076f3d868e1bdf8,Costner,119,64
f29b38f160f87ae86df31cee1982066f,1581,83,64
f09696910bdd874a99cd74c8f05b5c44,Chivas,98,64
50905d7b2216bfeccb5b41016357176b,poniard,132,64
76cf99d3614e23eabab16fb27e944bf9,reference's,186,64
1ee3dfcd8a0645a25a35977997223d22,hysterics's,147,64
2a50e9c2d6b89b95bcb416d6857f8b45,6877,139,64
dc960c46c38bd16e953d97cdeefdbc68,3668,116,64
4671aeaf49c792689533b00664a5c3ef,savers,133,64
c70daf247944fe3add32218f914c75a6,pebble's,107,64
17fafe5f6ce2f1904eb09d2e80a4cbf6,data,75,64
4c22bd444899d3b6047a10b20a2f26db,5871,127,64
01e9565cecc4e989123f9620c1d09c09,Mumford's,154,64
fe51510c80bfd6e5d78a164cd5b1f688,rubbished,154,64
e077e1a544eec4f0307cf5c3c721d944,mushed,111,64
28e209b61a52482a0ae1cb9f5959c792,squire's,183,64
ff49cc40a8890e6a60f40ff3026d2730,Rushmore,199,64
8edd72158ccd2a879f79cb2538568fdc,rattan's,134,64
9cb67ffb59554ab1dabb65bcb370ddd9,smuggling,137,64
3d779cae2d46cf6a8a99a35ba4167977,dependent,195,64
05311655a15b75fab86956663e1819cd,climaxed,175,64
d10ec7c16cbe9de8fbb1c42787c3ec26,unveiled,181,64
4f87658ef0de194413056248a00ce009,loss,62,64
a50abba8132a77191791390c3eb19fe7,humid,92,64
861dc9bd7f4e7dd3cccd534d0ae2a2e9,military,171,64
3e313b9badf12632cdae5452d20e1af6,barista's,176,64
ee8374ec4e4ad797d42350c904d73077,abounding,193,64
af4732711661056eadbf798ba191272a,suborned,156,64
980ecd059122ce2e50136bda65c25e07,timelier,114,64
c26820b8a4c1b3c2aa868d6d57e14a79,d'Estaing,145,64
83adc9225e4deb67d7ce42d58fe5157c,slumlord,173,64
fb508ef074ee78a0e58c68be06d8a2eb,heed,129,64
cf9a242b70f45317ffd281241fa66502,socially,191,64
9683cc5f89562ea48e72bb321d9f03fb,Candice's,157,64
cf1f78fe923afe05f7597da2be7a3da8,pleat's,162,64
6a5889bb0190d0211a991f47bb19a777,reliefs,103,64
a223c6b3710f85df22e9377d6c4f7553,slurped,174,64
0e3a37aa85a14e359df74fa77eded3f6,Seeger,122,64
81ca0262c82e712e50c580c032d99b60,timeless,192,64
e56b06c51e1049195d7b26d043c478a0,Taiping,155,64
f52378e14237225a6f6c7d802dc6abbd,physic's,199,64
8d9a0adb7c204239c9635426f35c9522,eight,77,64
bad5f33780c42f2588878a9d07405083,Ramon's,121,64
ea8fcd92d59581717e06eb187f10666d,4720,89,64
d82118376df344b0010f53909b961db3,Copland,169,64
cd0dce8fca267bf1fb86cf43e18d5598,decaf,135,64
5ca3e9b122f61f8f06494c97b1afccf3,Netflix,113,64
86e8f7ab32cfd12577bc2619bc635690,Elvia,114,64
363763e5c3dc3a68b399058c34aecf2c,recklessness's,189,64
4fa7c62536118cc404dec4a0ca88d4f6,cots,109,64
2bd7f907b7f5b6bbd91822c0c7b835f6,palimpsest,131,64
7f53f8c6c730af6aeb52e66eb74d8507,flaunt,134,64
ad3019b856147c17e82a5bead782d2a8,slurred,189,64
f016e59c7ad8b1d72903bb1aa5720d53,Trieste,106,64
14d9e8007c9b41f57891c48e07c23f57,4345,103,64
0966289037ad9846c5e994be2a91bafa,sulk,100,64
602d1305678a8d5fdb372271e980da6a,pranced,195,64
f0dd4a99fba6075a9494772b58f95280,tame,99,64
28fc2782ea7ef51c1104ccf7b9bea13d,tactics,156,64
186a157b2992e7daed3677ce8e9fe40f,violet,165,64
3de2334a314a7a72721f1f74a6cb4cee,Asian,122,64
46771d1f432b42343f56f791422a4991,lustful,96,64
7b5b23f4aadf9513306bcd59afb6e4c9,milers,89,64
512c5cad6c37edb98ae91c8a76c3a291,502,99,64
54072f485cdb7897ebbcaf7525139561,stained,160,64
59f51fd6937412b7e56ded1ea2470c25,1725,111,64
23ad3e314e2a2b43b4c720507cec0723,8223,99,64
309928d4b100a5d75adff48a9bfc1ddb,grate's,169,64
30c8e1ca872524fbf7ea5c519ca397ee,arousing,166,64
9aa42b31882ec039965f3c4923ce901b,jurists,167,64
489d0396e6826eb0c1e611d82ca8b215,garrotte's,148,64
970af30e481057c48f87e101b61e6994,devoting,133,64
0663a4ddceacb40b095eda264a85f15c,analyzed,131,64
56352739f59643540a3a6e16985f62c7,1044,119,64
411ae1bf081d1674ca6091f8c59a266f,2016,99,64
e11943a6031a0e6114ae69c257617980,piglet's,134,64
56468d5607a5aaf1604ff5e15593b003,disputation,154,64
7895fc13088ee37f511913bac71fa66f,jujube's,172,64
1f3202d820180a39f736f20fce790de8,continuous,185,64
eaa32c96f620053cf442ad32258076b9,denizens,124,64
a8f8f60264024dca151f164729b76c0b,alined,133,64
540ae6b0f6ac6e155062f3dd4f0b2b01,injures,105,64
f69e505b08403ad2298b9f262659929a,9751,99,64
8fb5f8be2aa9d6c64a04e3ab9f63feee,3646,87,64
afe434653a898da20044041262b3ac74,laminate,183,64
b265ce60fe4c5384e622b09eb829b8df,payday,171,64
c930eecd01935feef55942cc445f708f,Fokker's,194,64
2dffbc474aa176b6dc957938c15d0c8b,Payne's,168,64
80a8155eb153025ea1d513d0b2c4b675,tincture's,131,64
6786f3c62fbf9021694f6e51cc07fe3c,sniffles,184,64
536a76f94cf7535158f66cfbd4b113b6,checklists,102,64
5e76bef6e019b2541ff53db39f407a98,Whitsundays,149,64
4dcae38ee11d3a6606cc6cd636a3628b,hank's,94,64
1abb1e1ea5f481b589da52303b091cbb,7401,80,64
95151403b0db4f75bfd8da0b393af853,vim,85,64
ad71c82b22f4f65b9398f76d8be4c615,tetanus,197,64
fe70c36866add1572a8e2b96bfede7bf,flubbed,178,64
c913303f392ffc643f7240b180602652,tandem,159,64
372d3f309fef061977fb2f7ba36d74d2,s√©ances,162,64
6d9cb7de5e8ac30bd5e8734bc96a35c1,rugby,85,64
0245952ecff55018e2a459517fdb40e3,backfired,136,64
991de292e76f74f3c285b3f6d57958d5,crucifix's,110,64
8b0d268963dd0cfb808aac48a549829f,aberrant,99,64
daa96d9681a21445772454cbddf0cac1,subplot,115,64
ac796a52db3f16bbdb6557d3d89d1c5a,6876,94,64
78b9cab19959e4af8ff46156ee460c74,motion's,137,64
83cdcec08fbf90370fcf53bdd56604ff,Jacobs,146,64
dc09c97fd73d7a324bdbfe7c79525f64,solution,158,64
ab541d874c7bc19ab77642849e02b89f,sterna,94,64
7fb8ceb3bd59c7956b1df66729296a4c,Torrance,148,64
86df7dcfd896fcaf2674f757a2463eba,Jeri,109,64
6d3a1e06d6a06349436bc054313b648c,earls,94,64
8a146f1a3da4700cbf03cdc55e2daae6,resultants,175,64
e655c7716a4b3ea67f48c6322fc42ed6,bevel,115,64
1714726c817af50457d810aae9d27a2e,derails,153,64
fcdf25d6e191893e705819b177cddea0,unanimity's,163,64
1415db70fe9ddb119e23e9b2808cde38,quilter,98,64
55c567fd4395ecef6d936cf77b8d5b2b,kiosk,128,64
ced556cd9f9c0c8315cfbe0744a3baf0,1711,139,64
6490791e7abf6b29a381288cc23a8223,firth,114,64
5cbdfd0dfa22a3fca7266376887f549b,Schlitz,127,64
77f959f119f4fb2321e9ce801e2f5163,puffiest,126,64
49b8b4f95f02e055801da3b4f58e28b7,braise,104,64
b5488aeff42889188d03c9895255cecc,secrete,112,64
4dcf435435894a4d0972046fc566af76,Amway,115,64
ebd6d2f5d60ff9afaeda1a81fc53e2d0,zygotes,198,64
41a60377ba920919939d83326ebee5a1,gourd,150,64
0f3d014eead934bbdbacb62a01dc4831,accredits,160,64
83f2550373f2f19492aa30fbd5b57512,7493,115,64
bc7316929fe1545bf0b98d114ee3ecb8,raccoons,180,64
5607fe8879e4fd269e88387e8cb30b7e,7858,95,64
3fb451ca2e89b3a13095b059d8705b15,dropping,190,64
df12ecd077efc8c23881028604dbb8cc,Niobe's,97,64
471c75ee6643a10934502bdafee198fb,jejune,104,64
5cce8dede893813f879b873962fb669f,drizzle's,195,64
109d2dd3608f669ca17920c511c2a41e,6830,131,64
aa486f25175cbdc3854151288a645c19,buckshot,196,64
cb8acb1dc9821bf74e6ca9068032d623,fort's,78,64
08040837089cdf46631a10aca5258e16,2878,157,64
35309226eb45ec366ca86a4329a2b7c3,rationalize,176,64
d63fbf8c3173730f82b150c5ef38b8ff,8348,108,64
748ba69d3e8d1af87f84fee909eef339,dusted,156,64
17e23e50bedc63b4095e3d8204ce063b,sparkles,144,64
f337d999d9ad116a7b4f3d409fcc6480,revise,106,64
89ae0fe22c47d374bc9350ef99e01685,subsidy,120,64
204da255aea2cd4a75ace6018fad6b4d,armadillo,168,64
c88d8d0a6097754525e02c2246d8d27f,uncoordinated,189,64
4e6cd95227cb0c280e99a195be5f6615,catcher,176,64
18ead4c77c3f40dabf9735432ac9d97a,Clarence's,149,64
98986c005e5def2da341b4e0627d4712,jet,63,64
4e9cec1f583056459111d63e24f3b8ef,flex,103,64
596f713f9a7376fe90a62abaaedecc2d,3855,115,64
29921001f2f04bd3baee84a12e98098f,tomahawk,183,64
020c8bfac8de160d4c5543b96d1fdede,6987,115,64
92af93f73faf3cefc129b6bc55a748a9,8753,137,64
facf9f743b083008a894eee7baa16469,piazze,143,64
d961e9f236177d65d21100592edb0769,newer,140,64
18d10dc6e666eab6de9215ae5b3d54df,skillets,147,64
dfa92d8f817e5b08fcaafb50d03763cf,miscasts,160,64
7949e456002b28988d38185bd30e77fd,gusted,147,64
7bd28f15a49d5e5848d6ec70e584e625,cards,130,64
0d4f4805c36dc6853edfa4c7e1638b48,181,63,64
95d309f0b035d97f69902e7972c2b2e6,rabbit,135,64
ed4227734ed75d343320b6a5fd16ce57,laddered,136,64
dc5c768b5dc76a084531934b34601977,Paris's,149,64
88a199611ac2b85bd3f76e8ee7e55650,cretin's,191,64
b710915795b9e9c02cf10d6d2bdb688c,splittings,130,64
076023edc9187cf1ac1f1163470e479a,soul,108,64
277281aada22045c03945dcb2ca6f2ec,addiction,175,64
8f19793b2671094e63a15ab883d50137,offering's,143,64
49af6c4e558a7569d80eee2e035e2bd7,fluffiest,126,64
dca5672ff3444c7e997aa9a2c4eb2094,euros,120,64
bcb41ccdc4363c6848a1d760f26c28a0,billeted,199,64
06a81a4fb98d149f2d31c68828fa6eb2,doctor,141,64
0ebcc77dc72360d0eb8e9504c78d38bd,casuists,193,64
309fee4e541e51de2e41f21bebb342aa,extenuated,121,64
87ec2f451208df97228105657edb717f,recliners,199,64
83e8ef518174e1eb6be4a0778d050c9d,contained,152,64
9e984c108157cea74c894b5cf34efc44,fiction's,167,64
c559da2ba967eb820766939a658022c8,colonies,111,64
1bc0249a6412ef49b07fe6f62e6dc8de,outlandish,184,64
f3173935ed8ac4bf073c1bcd63171f8a,silhouette,161,64
a368b0de8b91cfb3f91892fbf1ebd4b2,swaps,150,64
f18a6d1cde4b205199de8729a6637b42,Husserl's,193,64
495dabfd0ca768a3c3abd672079f48b6,swill's,159,64
9597353e41e6957b5e7aa79214fcb256,Montana,174,64
faafda66202d234463057972460c04f5,sizing's,144,64
a2cc63e065705fe938a4dda49092966f,7735,119,64
a14ac55a4f27472c5d894ec1c3c743d2,soapiest,118,64
7a6a74cbe87bc60030a4bd041dd47b78,Duncan's,182,64
52947e0ade57a09e4a1386d08f17b656,argues,147,64
69d658d0b2859e32cd4dc3b970c8496c,resume,77,64
e9fd7c2c6623306db59b6aef5c0d5cac,slider,143,64
71a58e8cb75904f24cde464161c3e766,usurper,179,64
962e56a8a0b0420d87272a682bfd1e53,activity's,120,64
297fa7777981f402dbba17e9f29e292d,d√©railleur's,171,64
806beafe154032a5b818e97b4420ad98,verbalized,141,64
4462bf0ddbe0d0da40e1e828ebebeb11,cranky,99,64
9327969053c0068dd9e07c529866b94d,ghosts,146,64
a981f2b708044d6fb4a71a1463242520,chinks,147,64
97d0145823aeb8ed80617be62e08bdcc,8457,85,64
5c50b4df4b176845cd235b6a510c6903,talc's,72,64
0771fc6f0f4b1d7d1bb73bbbe14e0e31,6921,124,64
21fe5b8ba755eeaece7a450849876228,printings,146,64
6dd4e10e3296fa63738371ec0d5df818,pennon,98,64
7e230522657ecdc50e4249581b861f8e,Sellers,188,64
84f0f20482cde7e5eacaf7364a643d33,indorsed,183,64
10c272d06794d3e5785d5e7c5356e9ff,texture,162,64
81c650caac28cdefce4de5ddc18befa0,hoof,74,64
89f03f7d02720160f1b04cf5b27f5ccb,9299,131,64
c1fea270c48e8079d8ddf7d06d26ab52,lettered,190,64
8d420fa35754d1f1c19969c88780314d,taxation,115,64
96de2547f44254c97f5f4f1f402711c1,warty,125,64
be3e9d3f7d70537357c67bb3f4086846,markdowns,165,64
207f88018f72237565570f8a9e5ca240,dozen,129,64
b147a61c1d07c1c999560f62add6dbc7,perimeter's,142,64
9d2682367c3935defcb1f9e247a97c0d,Myst,91,64
cc42acc8ce334185e0193753adb6cb77,overpay,176,64
712a3c9878efeae8ff06d57432016ceb,restore,169,64
a40511cad8383e5ae8ddd8b855d135da,golf's,122,64
c0560792e4a3c79e62f76cbf9fb277dd,heartless,122,64
e1696007be4eefb81b1a1d39ce48681b,Riemann's,126,64
7d12b66d3df6af8d429c1a357d8b9e1a,pretext's,133,64
4f398cb9d6bc79ae567298335b51ba8a,shirk,120,64
e8d92f99edd25e2cef48eca48320a1a5,worthier,126,64
86d7c8a08b4aaa1bc7c599473f5dddda,6901,127,64
158fc2ddd52ec2cf54d3c161f2dd6517,8190,98,64
148510031349642de5ca0c544f31b2ef,3805,94,64
647c722bf90a49140184672e0d3723e3,Iva,81,64
2451041557a22145b3701b0184109cab,aggrieved,151,64
64f1f27bf1b4ec22924fd0acb550c235,Middleton,142,64
831c2f88a604a07ca94314b56a4921b8,savviest,183,64
11d0e6287202fced83f79975ec59a3a6,saintliness,164,64
fddd7938a71db5f81fcc621673ab67b7,legend's,180,64
b618c3210e934362ac261db280128c22,site,90,64
7fea637fd6d02b8f0adf6f7dc36aed93,question,191,64
ae614c557843b1df326cb29c57225459,convent,181,64
7c4ede33a62160a19586f6e26eaefacf,oboes,133,64
8303a79b1e19a194f1875981be5bdb6f,8890,95,64
4921f95baf824205e1b13f22d60357a1,Luella's,183,64
b59a51a3c0bf9c5228fde841714f523a,Rhodesia,131,64
26751be1181460baf78db8d5eb7aad39,Ghazvanid's,156,64
673271cc47c1a4e77f57e239ed4d28a7,patents,162,64
9fe97fff97f089661135d0487843108e,breadth,155,64
01e00f2f4bfcbb7505cb641066f2859b,mads,103,64
15231a7ce4ba789d13b722cc5c955834,coliseum,199,64
375c71349b295fbe2dcdca9206f20a06,annealed,199,64
a588a6199feff5ba48402883d9b72700,971,78,64
2a27b8144ac02f67687f76782a3b5d8f,helpers,169,64
8bb88f80d334b1869781beb89f7b73be,Kiwanis,176,64
02f039058bd48307e6f653a2005c9dd2,phoniest,126,64
c59b469d724f7919b7d35514184fdc0f,Zollverein,175,64
52d080a3e172c33fd6886a37e7288491,tortoises,97,64
5a142a55461d5fef016acfb927fee0bd,victim,96,64
a941493eeea57ede8214fd77d41806bc,booby,119,64
a51c896c9cb81ecb5a199d51ac9fc3c5,Canadians,154,64
464d828b85b0bed98e80ade0a5c43b0f,nuptial,167,64
798ed7d4ee7138d49b8828958048130a,6343,91,64
66be31e4c40d676991f2405aaecc6934,fancied,183,64
8b5700012be65c9da25f49408d959ca0,owls,100,64
fc6709bfdf0572f183c1a84ce5276e96,remnant,196,64
28dc6b0e1b33769b4b94685e4f4d1e5c,iterative,180,64
404dcc91b2aeaa7caa47487d1483e48a,griming,197,64
8725fb777f25776ffa9076e44fcfd776,topsails,199,64
515ab26c135e92ed8bf3a594d67e4ade,beret,117,64
7137debd45ae4d0ab9aa953017286b20,Perth's,183,64
25e2a30f44898b9f3e978b1786dcd85c,falsity,153,64
851300ee84c2b80ed40f51ed26d866fc,noised,147,64
b29eed44276144e4e8103a661f9a78b7,Yoda,99,64
4fa53be91b4933d536748a60458b9797,froze,115,64
c4492cbe90fbdbf88a5aec486aa81ed5,go,56,64
c0d0e461de8d0024aebcb0a7c68836df,Provo's,105,64
84c6494d30851c63a55cdb8cb047fadd,markup's,93,64
54f5f4071faca32ad5285fef87b78646,tinniest,95,64
b3b43aeeacb258365cc69cdaf42a68af,wishlist's,183,64
6e62a992c676f611616097dbea8ea030,9013,87,64
955a1584af63a546588caae4d23840b3,32,74,64
418ef6127e44214882c61e372e866691,Utrecht's,151,64
442cde81694ca09a626eeddefd1b74ca,gazelles,175,64
3e15cc11f979ed25912dff5b0669f2cd,inmate's,179,64
6a5dfac4be1502501489fc0f5a24b667,arbitrating,141,64
b3bbccd6c008e727785cb81b1aa08ac5,newbie,135,64
d8d31bd778da8bdd536187c36e48892b,doodles,183,64
2612aa892d962d6f8056b195ca6e550d,reacts,118,64
ba1b3eba322eab5d895aa3023fe78b9c,annotations,158,64
e22dd5dabde45eda5a1a67772c8e25dd,aptness,119,64
df9028fcb6b065e000ffe8a4f03eeb38,intercom,154,64
94e4451ad23909020c28b26ca3a13cb8,payoff's,151,64
96a93ba89a5b5c6c226e49b88973f46e,peeping,86,64
e8fd4a8a5bab2b3785d794ab51fef55c,slander,133,64
db29450c3f5e97f97846693611f98c15,Saginaw,169,64
e5a4d6bf330f23a8707bb0d6001dfbe8,snooker,135,64
299570476c6f0309545110c592b6a63b,sporran,168,64
4abe17a1c80cbdd2aa241b70840879de,zucchinis,178,64
f0bda020d2470f2e74990a07a607ebd9,Leblanc's,125,64
7dd0240cd412efde8bc165e864d3644f,7447,103,64
6709e8d64a5f47269ed5cea9f625f7ab,floating,127,64
8c01a75941549a705cf7275e41b21f0d,hound,89,64
f63f65b503e22cb970527f23c9ad7db1,briquet's,185,64
8b6a80c3cf2cbd5f967063618dc54f39,trebled,169,64
4a2ddf148c5a9c42151a529e8cbdcc06,Montanans,199,64
b865367fc4c0845c0682bd466e6ebf4c,Shakespeare,174,64
365d17770080c807a0e47ae9118d8641,Utah's,75,64
db957c626a8cd7a27231adfbf51e20eb,Abelard,180,64
ecd62de20ea67e1c2d933d311b08178a,3196,85,64
d25414405eb37dae1c14b18d6a2cac34,interloper's,168,64
bf201d5407a6509fa536afc4b380577e,Bangladeshi,163,64
052335232b11864986bb2fa20fa38748,jot,90,64
ac5dab2e99eee9cf9ec672e383691302,pooh's,101,64
f39ae9ff3a81f499230c4126e01f421b,casuals,111,64
dc40b7120e77741d191c0d2b82cea7be,plush,139,64
90e1357833654983612fb05e3ec9148c,8291,61,64
1f1baa5b8edac74eb4eaa329f14a0361,2518,84,64
39027dfad5138c9ca0c474d71db915c3,delicate,120,64
645098b086d2f9e1e0e939c27f9f2d6f,grossed,162,64
6e79ed05baec2754e25b4eac73a332d2,admittance's,182,64
f0bbac6fa079f1e00b2c14c1d3c6ccf0,43,73,64
f4a4da9aa7eadfd23c7bdb7cf57b3112,Alioth's,161,64
f5c3dd7514bf620a1b85450d2ae374b1,oust,110,64
17c3433fecc21b57000debdf7ad5c930,cirrhosis,187,64
0e087ec55dcbe7b2d7992d6b69b519fb,3683,95,64
14cfdb59b5bda1fc245aadae15b1984a,impala,135,64
f442d33fa06832082290ad8544a8da27,9706,110,64
fface8385abbf94b4593a0ed53a0c70f,belts,118,64
4496bf24afe7fab6f046bf4923da8de6,vixen,135,64
aa2a77371374094fe9e0bc1de3f94ed9,terminate,107,64
069654d5ce089c13f642d19f09a3d1c0,bootblacks,178,64
61b1fb3f59e28c67f3925f3c79be81a1,Hegel's,197,64
9a1de01f893e0d2551ecbb7ce4dc963e,Itasca's,191,64
85f007f8c50dd25f5a45fca73cad64bd,hypercritically,185,64
201d7288b4c18a679e48b31c72c30ded,gamin,143,64
4888241374e8c62ddd9b4c3cfd091f96,psst,103,64
f45a1078feb35de77d26b3f7a52ef502,cumuli,131,64
82cadb0649a3af4968404c9f6031b233,Peggy's,184,64
7385db9a3f11415bc0e9e2625fae3734,Marlin's,95,64
8c3039bd5842dca3d944faab91447818,bugles,156,64
ff1418e8cc993fe8abcfe3ce2003e5c5,7938,115,64
eb1e78328c46506b46a4ac4a1e378b91,chortles,126,64
7503cfacd12053d309b6bed5c89de212,undercoat,200,64
6ae07dcb33ec3b7c814df797cbda0f87,giraffes,191,64
3c947bc2f7ff007b86a9428b74654de5,polishing,125,64
d7fd118e6f226a71b5f1ffe10efd0a78,7084,123,64
537de305e941fccdbba5627e3eefbb24,concertinas,118,64
96c5c28becf18e71190460a9955aa4d8,1139,66,64
d072677d210ac4c03ba046120f0802ec,insights,135,64
69d1fc78dbda242c43ad6590368912d4,barfed,135,64
c164bbc9d6c72a52c599bbb43d8db8e1,relented,161,64
d305281faf947ca7acade9ad5c8c818c,8778,107,64
2f25f6e326adb93c5787175dda209ab6,apricots,167,64
d4b2aeb2453bdadaa45cbe9882ffefcf,painted,104,64
7e9e346dc5fd268b49bf418523af8679,serous,143,64
ba9a56ce0a9bfa26e8ed9e10b2cc8f46,Mirach's,175,64
44a2e0804995faf8d2e3b084a1e2db1d,three's,116,64
3214a6d842cc69597f9edf26df552e43,raunchiest,123,64
e1314fc026da60d837353d20aefaf054,clashes,166,64
c45008212f7bdf6eab6050c2a564435a,Gemini,93,64
f0fcf351df4eb6786e9bb6fc4e2dee02,979,70,64
d523773c6b194f37b938d340d5d02232,Park,78,64
c366c2c97d47b02b24c3ecade4c40a01,2875,129,64
7302e3f5e7c072aea8801faf8a492be0,6512,88,64
2d1b2a5ff364606ff041650887723470,Durex,123,64
68148596109e38cf9367d27875e185be,Pict,60,64
865dfbde8a344b44095495f3591f7407,Betty,139,64
13168e6a2e6c84b4b7de9390c0ef5ec5,policemen,195,64
ca460332316d6da84b08b9bcf39b687b,8119,103,64
5fa9e41bfec0725742cc9d15ef594120,3098,103,64
059fdcd96baeb75112f09fa1dcc740cc,Muller's,158,64
e06f967fb0d355592be4e7674fa31d26,busting,122,64
af3303f852abeccd793068486a391626,3668,127,64
11f524c3fbfeeca4aa916edcb6b6392e,domicile,117,64
6be5336db2c119736cf48f475e051bfe,drools,163,64
9fdb62f932adf55af2c0e09e55861964,chanting,151,64
fc4ddc15f9f4b4b06ef7844d6bb53abf,4894,99,64
944626adf9e3b76a3919b50dc0b080a4,segregates,108,64
73e0f7487b8e5297182c5a711d20bf26,tyke's,121,64
77369e37b2aa1404f416275183ab055f,Congo's,193,64
65699726a3c601b9f31bf04019c8593c,5269,101,64
04df4d434d481c5bb723be1b6df1ee65,dilate,158,64
ff7d0f525b3be596a51fb919492c099c,Mulder,175,64
c44799b04a1c72e3c8593a53e8000c78,offensive,193,64
b432f34c5a997c8e7c806a895ecc5e25,chateaus,183,64
cb79f8fa58b91d3af6c9c991f63962d3,toot,102,64
e74c0d42b4433905293aab661fcf8ddb,prototypes,153,64
8c8a58fa97c205ff222de3685497742c,stares,127,64
44968aece94f667e4095002d140b5896,9306,105,64
9f6992966d4c363ea0162a056cb45fe5,lot's,84,64
333222170ab9edca4785c39f55221fe7,Bobbi,96,64
5103c3584b063c431bd1268e9b5e76fb,exert,91,64
139f0874f2ded2e41b0393c4ac5644f7,florist,162,64
29530de21430b7540ec3f65135f7323c,tick's,115,64
15d185eaa7c954e77f5343d941e25fbd,contusion's,186,64
1e913e1b06ead0b66e30b6867bf63549,nullify,162,64
8d55a249e6baa5c06772297520da2051,Ge's,119,64
f22e4747da1aa27e363d86d40ff442fe,occlude,172,64
95e6834d0a3d99e9ea8811855ae9229d,Alec,87,64
519c84155964659375821f7ca576f095,gassiest,149,64
c3395dd46c34fa7fd8d729d8cf88b7a8,alone,125,64
6f2688a5fce7d48c8d19762b88c32c3b,mesa,117,64
2d00f43f07911355d4151f13925ff292,recently,109,64
1f71e393b3809197ed66df836fe833e5,obstetrical,154,64
de03beffeed9da5f3639a621bcab5dd4,surfeit's,130,64
7ca57a9f85a19a6e4b9a248c1daca185,debs,115,64
6a508a60aa3bf9510ea6acb021c94b48,Lucas,99,64
a38b16173474ba8b1a95bcbc30d3b8a5,homing,162,64
5a7f963e5e0504740c3a6b10bb6d4fa5,fo'c'sle,142,64
277a78fc05c8864a170e9a56ceeabc4c,4889,102,64
d77f00766fd3be3f2189c843a6af3fb2,altar,137,64
7f16109f1619fd7a733daf5a84c708c1,egrets,138,64
f106b7f99d2cb30c3db1c3cc0fde9ccb,9208,107,64
95f6870ff3dcd442254e334a9033d349,feistiest,145,64
c215b446bcdf956d848a8419c1b5a920,siren,64,64
3683af9d6f6c06acee72992f2977f67e,Matthew's,130,64
a82d922b133be19c1171534e6594f754,pleader,84,64
de73998802680548b916f1947ffbad76,sombrero,143,64
c4de8ced6214345614d33fb0b16a8acd,homages,162,64
7d2b92b6726c241134dae6cd3fb8c182,pecan,120,64
dd055f53a45702fe05e449c30ac80df9,bourgeoisie's,159,64
405e28906322882c5be9b4b27f4c35fd,robots,121,64
798cebccb32617ad94123450fd137104,pampas,144,64
f80bf05527157a8c2a7bb63b22f49aaa,Algeria,188,64
fb87582825f9d28a8d42c5e5e5e8b23d,Hardin's,168,64
1e4d36177d71bbb3558e43af9577d70e,dine,68,64
1b36ea1c9b7a1c3ad668b8bb5df7963f,9083,96,64
1f36c15d6a3d18d52e8d493bc8187cb9,Marilyn,162,64
9d7311ba459f9e45ed746755a32dcd11,optimum,197,64
dc513ea4fbdaa7a14786ffdebc4ef64e,roadshow,100,64
c5a4e7e6882845ea7bb4d9462868219b,8548,123,64
008bd5ad93b754d500338c253d9c1770,members,155,64
3f088ebeda03513be71d34d214291986,Masters's,182,64
6351bf9dce654515bf1ddbd6426dfa97,tidied,155,64
06964dce9addb1c5cb5d6e3d9838f733,tormentor,152,64
c5b2cebf15b205503560c4e8e6d1ea78,conviviality's,188,64
5ec829debe54b19a5f78d9a65b900a39,Ivan,115,64
