image_id,width,height
cfcd208495d565ef66e7dff9f98764da,71,32
c4ca4238a0b923820dcc509a6f75849b,162,32
c81e728d9d4c2f636f067f89cc14862c,102,32
eccbc87e4b5ce2fe28308fd9f2a7baf3,109,32
a87ff679a2f3e71d9181a67b7542122c,144,32
e4da3b7fbbce2345d7772b0674a318d5,60,32
1679091c5a880faf6fb5e6087eb1b2dc,78,32
8f14e45fceea167a5a36dedd4bea2543,86,32
c9f0f895fb98ab9159f51fd0297e236d,85,32
45c48cce2e2d7fbdea1afc51c7c6ad26,60,32
d3d9446802a44259755d38e6d163e820,96,32
6512bd43d9caa6e02c990b0a82652dca,82,32
c20ad4d76fe97759aa27a0c99bff6710,113,32
aab3238922bcc25a6f606eb525ffdc56,58,32
9bf31c7ff062936a96d3c8bd1f8f2ff3,94,32
c74d97b01eae257e44aa9d5bade97baf,103,32
70efdf2ec9b086079795c442636b55fb,73,32
6f4922f45568161a8cdf4ad2299f6d23,94,32
98f13708210194c475687be6106a3b84,109,32
3c59dc048e8850243be8079a5c74d079,96,32
b6d767d2f8ed5d21a44b0e5886680cb9,75,32
37693cfc748049e45d87b8c7d8b9aacd,51,32
1ff1de774005f8da13f42943881c655f,135,32
8e296a067a37563370ded05f5a3bf3ec,60,32
4e732ced3463d06de0ca9a15b6153677,80,32
02e74f10e0327ad868d138f2b4fdd6f0,123,32
33e75ff09dd601bbe69f351039152189,48,32
6ea9ab1baa0efb9e19094440c317e21b,138,32
34173cb38f07f89ddbebc2ac9128303f,97,32
c16a5320fa475530d9583c34fd356ef5,64,32
6364d3f0f495b6ab9dcf8d3b5c6e0b01,106,32
182be0c5cdcd5072bb1864cdee4d3d6e,35,32
e369853df766fa44e1ed0ff613f563bd,72,32
1c383cd30b7c298ab50293adfecb7b18,79,32
19ca14e7ea6328a42e0eb13d585e4c22,46,32
a5bfc9e07964f8dddeb95fc584cd965d,53,32
a5771bce93e200c36f7cd9dfd0e5deaa,52,32
d67d8ab4f4c10bf22aa353e27879133c,116,32
d645920e395fedad7bbbed0eca3fe2e0,63,32
3416a75f4cea9109507cacd8e2f2aefc,142,32
a1d0c6e83f027327d8461063f4ac58a6,93,32
17e62166fc8586dfa4d1bc0e1742c08b,101,32
f7177163c833dff4b38fc8d2872f1ec6,150,32
6c8349cc7260ae62e3b1396831a8398f,144,32
67c6a1e7ce56d3d6fa748ab6d9af3fd7,144,32
f457c545a9ded88f18ecee47145a72c0,56,32
c0c7c76d30bd3dcaefc96f40275bdc0a,111,32
2838023a778dfaecdc212708f721b788,136,32
9a1158154dfa42caddbd0694a4e9bdc8,56,32
d82c8d1619ad8176d665453cfb2e55f0,116,32
a684eceee76fc522773286a895bc8436,130,32
b53b3a3d6ab90ce0268229151c9bde11,84,32
9f61408e3afb633e50cdf1b20de6f466,77,32
72b32a1f754ba1c09b3695e0cb6cde7f,84,32
66f041e16a60928b05a7e228a89c3799,82,32
093f65e080a295f8076b1c5722a46aa2,77,32
072b030ba126b2f4b2374f342be9ed44,132,32
7f39f8317fbdb1988ef4c628eba02591,80,32
03afdbd66e7929b125f8597834fa83a4,100,32
ea5d2f1c4608232e07d3aa3d998e5135,140,32
fc490ca45c00b1249bbe3554a4fdf6fb,45,32
3295c76acbf4caaed33c36b1b5fc2cb1,135,32
735b90b4568125ed6c3f678819b6e058,130,32
a3f390d88e4c41f2747bfa2f1b5f87db,67,32
14bfa6bb14875e45bba028a21ed38046,56,32
7cbbc409ec990f19c78c75bd1e06f215,144,32
e2c420d928d4bf8ce0ff2ec19b371514,130,32
32bb90e8976aab5298d5da10fe66f21d,115,32
d2ddea18f00665ce8623e36bd4e3c7c5,115,32
ad61ab143223efbc24c7d2583be69251,142,32
d09bf41544a3365a46c9077ebb5e35c3,60,32
fbd7939d674997cdb4692d34de8633c4,108,32
28dd2c7955ce926456240b2ff0100bde,40,32
35f4a8d465e6e1edc05f3d8ab658c551,104,32
d1fe173d08e959397adf34b1d77e88d7,79,32
f033ab37c30201f73f142449d037028d,145,32
43ec517d68b6edd3015b3edc9a11367b,128,32
9778d5d219c5080b9a6a17bef029331c,108,32
fe9fc289c3ff0af142b6d3bead98a923,60,32
68d30a9594728bc39aa24be94b319d21,62,32
93db85ed909c13838ff95ccfa94cebd9,84,32
c7e1249ffc03eb9ded908c236bd1996d,112,32
2a38a4a9316c49e5a833517c45d31070,76,32
7647966b7343c29048673252e490f736,55,32
8613985ec49eb8f757ae6439e879bb2a,116,32
54229abfcfa5649e7003b83dd4755294,90,32
92cc227532d17e56e07902b254dfad10,109,32
98dce83da57b0395e163467c9dae521b,116,32
f4b9ec30ad9f68f89b29639786cb62ef,69,32
812b4ba287f5ee0bc9d43bbf5bbe87fb,109,32
e2ef524fbf3d9fe611d5a8e90fefdc9c,99,32
ed3d2c21991e3bef5e069713af9fa6ca,167,32
ac627ab1ccbdb62ec96e702f07f6425b,79,32
f899139df5e1059396431415e770c6dd,79,32
ec8956637a99787bd197eacd77acce5e,77,32
6974ce5ac660610b44d9b9fed0ff9548,86,32
c9e1074f5b3f9fc8ea15d152add07294,176,32
65b9eea6e1cc6bb9f0cd2a47751a186f,94,32
f0935e4cd5920aa6c7c996a5ee53a70f,32,32
a97da629b098b75c294dffdc3e463904,126,32
2723d092b63885e0d7c260cc007e8b9d,128,32
5f93f983524def3dca464469d2cf9f3e,92,32
7f6ffaa6bb0b408017b62254211691b5,64,32
73278a4a86960eeb576a8fd4c9ec6997,84,32
5fd0b37cd7dbbb00f97ba6ce92bf5add,99,32
2b44928ae11fb9384c4cf38708677c48,104,32
c45147dee729311ef5b5c3003946c48f,101,32
eb160de1de89d9058fcb0b968dbbbd68,91,32
5ef059938ba799aaa845e1c2e8a762bd,104,32
07e1cd7dca89a1678042477183b7ac3f,118,32
da4fb5c6e93e74d3df8527599fa62642,136,32
4c56ff4ce4aaf9573aa5dff913df997a,68,32
a0a080f42e6f13b3a2df133f073095dd,80,32
c8ffe9a587b126f152ed3d89a146b445,81,32
3def184ad8f4755ff269862ea77393dd,61,32
069059b7ef840f0c74a814ec9237b6ec,132,32
ec5decca5ed3d6b8079e2e7e7bacc9f2,138,32
76dc611d6ebaafc66cc0879c71b5db5c,52,32
d1f491a404d6854880943e5c3cd9ca25,92,32
9b8619251a19057cff70779273e95aa6,88,32
1afa34a7f984eeabdbb0a7d494132ee5,40,32
65ded5353c5ee48d0b7d48c591b8f430,89,32
9fc3d7152ba9336a670e36d0ed79bc43,60,32
02522a2b2726fb0a03bb19f2d8d9524d,57,32
7f1de29e6da19d22b51c68001e7e0e54,50,32
42a0e188f5033bc65bf8d78622277c4e,49,32
3988c7f88ebcb58c6ce932b957b6f332,94,32
e00da03b685a0dd18fb6a08af0923de0,81,32
1385974ed5904a438616ff7bdb3f7439,121,32
0f28b5d49b3020afeecd95b4009adf4c,95,32
a8baa56554f96369ab93e4f3bb068c22,63,32
903ce9225fca3e988c2af215d4e544d3,58,32
0a09c8844ba8f0936c20bd791130d6b6,51,32
2b24d495052a8ce66358eb576b8912c8,52,32
a5e00132373a7031000fd987a3c9f87b,103,32
8d5e957f297893487bd98fa830fa6413,120,32
47d1e990583c9c67424d369f3414728e,50,32
f2217062e9a397a1dca429e7d70bc6ca,50,32
7ef605fc8dba5425d6965fbd4c8fbe1f,44,32
a8f15eda80c50adb0e71943adc8015cf,108,32
37a749d808e46495a8da1e5352d03cae,88,32
b3e3e393c77e35a4a3f3cbd1e429b5dc,38,32
1d7f7abc18fcb43975065399b0d1e48e,87,32
2a79ea27c279e471f4d180b08d62b00a,39,32
1c9ac0159c94d8d0cbedc973445af2da,57,32
6c4b761a28b734fe93831e3fb400ce87,118,32
06409663226af2f3114485aa4e0a23b4,96,32
140f6969d5213fd0ece03148e62e461e,105,32
b73ce398c39f506af761d2277d853a92,43,32
bd4c9ab730f5513206b999ec0d90d1fb,73,32
82aa4b0af34c2313a562076992e50aa3,103,32
fa7cdfad1a5aaf8370ebeda47a1ff1c3,56,32
7e7757b1e12abcb736ab9a754ffb617a,67,32
5878a7ab84fb43402106c575658472fa,112,32
006f52e9102a8d3be2fe5614f42ba989,128,32
3636638817772e42b59d74cff571fbb3,67,32
149e9677a5989fd342ae44213df68868,168,32
a4a042cf4fd6bfb47701cbc8a1653ada,145,32
1ff8a7b5dc7a7d1f0ed65aaa29c04b1e,58,32
f7e6c85504ce6e82442c770f7c8606f0,55,32
bf8229696f7a3bb4700cfddef19fa23f,65,32
82161242827b703e6acf9c726942a1e4,43,32
38af86134b65d0f10fe33d30dd76442e,32,32
96da2f590cd7246bbde0051047b0d6f7,100,32
8f85517967795eeef66c225f7883bdcb,122,32
8f53295a73878494e9bc8dd6c3c7104f,49,32
045117b0e0a11a242b9765e79cbf113f,161,32
fc221309746013ac554571fbd180e1c8,188,32
4c5bde74a8f110656874902f07378009,52,32
cedebb6e872f539bef8c3f919874e9d7,106,32
6cdd60ea0045eb7a6ec44c54d29ed402,115,32
eecca5b6365d9607ee5a9d336962c534,84,32
31fefc0e570cb3860f2a6d4b38c6490d,62,32
9dcb88e0137649590b755372b040afad,93,32
cfecdb276f634854f3ef915e2e980c31,49,32
0aa1883c6411f7873cb83dacb17b0afc,46,32
58a2fc6ed39fd083f55d4182bf88826d,70,32
a597e50502f5ff68e3e25b9114205d4a,62,32
0336dcbab05b9d5ad24f4333c7658a0e,120,32
084b6fbb10729ed4da8c3d3f5a3ae7c9,69,32
85d8ce590ad8981ca2c8286f79f59954,88,32
0e65972dce68dad4d52d063967f0a705,68,32
84d9ee44e457ddef7f2c4f25dc8fa865,112,32
3644a684f98ea8fe223c713b77189a77,156,32
757b505cfd34c64c85ca5b5690ee5293,52,32
854d6fae5ee42911677c739ee1734486,80,32
e2c0be24560d78c5e599c2a9c9d0bbd2,33,32
274ad4786c3abca69fa097b85867d9a4,42,32
eae27d77ca20db309e056e3d2dcd7d69,48,32
69adc1e107f7f7d035d7baf04342e1ca,120,32
091d584fced301b442654dd8c23b3fc9,46,32
b1d10e7bafa4421218a51b1e1f1b0ba2,85,32
6f3ef77ac0e3619e98159e9b6febf557,132,32
eb163727917cbba1eea208541a643e74,107,32
1534b76d325a8f591b52d302e7181331,91,32
979d472a84804b9f647bc185a877a8b5,50,32
ca46c1b9512a7a8315fa3c5a946e8265,80,32
3b8a614226a953a8cd9526fca6fe9ba5,132,32
45fbc6d3e05ebd93369ce542e8f2322d,86,32
63dc7ed1010d3c3b8269faf0ba7491d4,95,32
e96ed478dab8595a7dbda4cbcbee168f,78,32
c0e190d8267e36708f955d7ab048990d,119,32
ec8ce6abb3e952a85b8551ba726a1227,66,32
060ad92489947d410d897474079c1477,42,32
bcbe3365e6ac95ea2c0343a2395834dd,77,32
115f89503138416a242f40fb7d7f338e,66,32
d1c38a09acc34845c6be3a127a5aacaf,116,32
9cfdf10e8fc047a44b08ed031e1f0ed1,33,32
705f2172834666788607efbfca35afb3,78,32
74db120f0a8e5646ef5a30154e9f6deb,178,32
57aeee35c98205091e18d1140e9f38cf,75,32
9b04d152845ec0a378394003c96da594,81,32
be83ab3ecd0db773eb2dc1b0a17836a1,120,32
e165421110ba03099a1c0393373c5b43,66,32
289dff07669d7a23de0ef88d2f7129e7,102,32
577ef1154f3240ad5b9b413aa7346a1e,59,32
01161aaa0b6d1345dd8fe4e481144d84,44,32
539fd53b59e3bb12d203f45a912eeaf2,75,32
ac1dd209cbcc5e5d1c6e28598e8cbbe8,143,32
555d6702c950ecb729a966504af0a635,87,32
335f5352088d7d9bf74191e006d8e24c,51,32
f340f1b1f65b6df5b5e3f94d95b11daf,152,32
e4a6222cdb5b34375400904f03d8e6a5,63,32
cb70ab375662576bd1ac5aaf16b3fca4,141,32
9188905e74c28e489b44e954ec0b9bca,90,32
0266e33d3f546cb5436a10798e657d97,62,32
38db3aed920cf82ab059bfccbd02be6a,108,32
3cec07e9ba5f5bb252d13f5f431e4bbb,71,32
621bf66ddb7c962aa0d22ac97d69b793,75,32
077e29b11be80ab57e1a2ecabb7da330,58,32
6c9882bbac1c7093bd25041881277658,64,32
19f3cd308f1455b3fa09a282e0d496f4,143,32
03c6b06952c750899bb03d998e631860,86,32
c24cd76e1ce41366a4bbe8a49b02a028,42,32
c52f1bd66cc19d05628bd8bf27af3ad6,127,32
fe131d7f5a6b38b23cc967316c13dae2,121,32
f718499c1c8cef6730f9fd03c8125cab,60,32
d96409bf894217686ba124d7356686c9,95,32
502e4a16930e414107ee22b6198c578f,113,32
cfa0860e83a4c3a763a7e62d825349f7,51,32
a4f23670e1833f3fdb077ca70bbd5d66,75,32
b1a59b315fc9a3002ce38bbe070ec3f5,76,32
36660e59856b4de58a219bcf4e27eba3,99,32
8c19f571e251e61cb8dd3612f26d5ecf,57,32
d6baf65e0b240ce177cf70da146c8dc8,76,32
e56954b4f6347e897f954495eab16a88,110,32
f7664060cc52bc6f3d620bcedc94a4b6,46,32
eda80a3d5b344bc40f3bc04f65b7a357,90,32
8f121ce07d74717e0b1f21d122e04521,72,32
39059724f73a9969845dfe4146c5660e,108,32
7f100b7b36092fb9b06dfb4fac360931,110,32
7a614fd06c325499f1680b9896beedeb,146,32
4734ba6f3de83d861c3176a6273cac6d,154,32
d947bf06a885db0d477d707121934ff8,64,32
63923f49e5241343aa7acb6a06a751e7,115,32
db8e1af0cb3aca1ae2d0018624204529,137,32
20f07591c6fcb220ffe637cda29bb3f6,58,32
d395771085aab05244a4fb8fd91bf4ee,61,32
92c8c96e4c37100777c7190b76d28233,76,32
e3796ae838835da0b6f6ea37bcf8bcb7,99,32
6a9aeddfc689c1d0e3b9ccc3ab651bc5,69,32
0f49c89d1e7298bb9930789c8ed59d48,123,32
46ba9f2a6976570b0353203ec4474217,45,32
16a5cdae362b8d27a1d8f8c7b78b4330,125,32
918317b57931b6b7a7d29490fe5ec9f9,192,32
48aedb8880cab8c45637abc7493ecddd,108,32
839ab46820b524afda05122893c2fe8e,62,32
f90f2aca5c640289d0a29417bcb63a37,107,32
9c838d2e45b2ad1094d42f4ef36764f6,171,32
1700002963a49da13542e0726b7bb758,76,32
53c3bce66e43be4f209556518c2fcb54,115,32
6883966fd8f918a4aa29be29d2c386fb,135,32
49182f81e6a13cf5eaa496d51fea6406,67,32
d296c101daa88a51f6ca8cfc1ac79b50,54,32
26e359e83860db1d11b6acca57d8ea88,68,32
ef0d3930a7b6c95bd2b32ed45989c61f,60,32
94f6d7e04a4d452035300f18b984988c,92,32
34ed066df378efacc9b924ec161e7639,42,32
577bcc914f9e55d5e4e4f82f9f00e7d4,57,32
11b9842e0a271ff252c1903e7132cd68,50,32
37bc2f75bf1bcfe8450a1a41c200364c,182,32
496e05e1aea0a9c4655800e8a7b9ea28,47,32
b2eb7349035754953b57a32e2841bda5,56,32
8e98d81f8217304975ccb23337bb5761,125,32
a8c88a0055f636e4a163a5e3d16adab7,107,32
eddea82ad2755b24c4e168c5fc2ebd40,78,32
06eb61b839a0cefee4967c67ccb099dc,57,32
9dfcd5e558dfa04aaf37f137a1d9d3e5,110,32
950a4152c2b4aa3ad78bdd6b366cc179,131,32
158f3069a435b314a80bdcb024f8e422,93,32
758874998f5bd0c393da094e1967a72b,82,32
ad13a2a07ca4b7642959dc0c4c740ab6,118,32
5b8add2a5d98b1a652ea7fd72d942dac,125,32
432aca3a1e345e339f35a30c8f65edce,104,32
8d3bba7425e7c98c50f52ca1b52d3735,77,32
320722549d1751cf3f247855f937b982,66,32
5737c6ec2e0716f3d8a7a5c4e0de0d9a,54,32
bc6dc48b743dc5d013b1abaebd2faed2,91,32
f2fc990265c712c49d51a18a32b39f0c,128,32
89f0fd5c927d466d6ec9a21b9ac34ffa,54,32
a666587afda6e89aec274a3657558a27,60,32
b83aac23b9528732c23cc7352950e880,66,32
6faa8040da20ef399b63a72d0e4ab575,109,32
fe73f687e5bc5280214e0486b273a5f9,68,32
6da37dd3139aa4d9aa55b8d237ec5d4a,77,32
c042f4db68f23406c6cecf84a7ebb0fe,98,32
310dcbbf4cce62f762a2aaa148d556bd,48,32
2f2b265625d76a6704b08093c652fd79,39,32
f9b902fc3289af4dd08de5d1de54f68f,61,32
6855456e2fe46a9d49d3d3af4f57443d,135,32
357a6fdf7642bf815a88822c447d9dc4,80,32
04025959b191f8f9de3f924f0940515f,101,32
40008b9a5380fcacce3976bf7c08af5b,109,32
3dd48ab31d016ffcbf3314df2b3cb9ce,90,32
58238e9ae2dd305d79c2ebc8c1883422,114,32
3ad7c2ebb96fcba7cda0cf54a2e802f5,145,32
b3967a0e938dc2a6340e258630febd5a,175,32
13f9896df61279c928f19721878fac41,138,32
c5ff2543b53f4cc0ad3819a36752467b,103,32
01386bd6d8e091c2ab4c7c7de644d37b,123,32
0bb4aec1710521c12ee76289d9440817,64,32
efe937780e95574250dabe07151bdc23,180,32
371bce7dc83817b7893bcdeed13799b5,99,32
138bb0696595b338afbab333c555292a,74,32
8dd48d6a2e2cad213179a3992c0be53c,160,32
6c524f9d5d7027454a783c841250ba71,153,32
fb7b9ffa5462084c5f4e7e85a093e6d7,101,32
aa942ab2bfa6ebda4840e7360ce6e7ef,87,32
c058f544c737782deacefa532d9add4c,140,32
e7b24b112a44fdd9ee93bdf998c6ca0e,130,32
52720e003547c70561bf5e03b95aa99f,118,32
c3e878e27f52e2a57ace4d9a76fd9acf,155,32
00411460f7c92d2124a67ea0f4cb5f85,162,32
bac9162b47c56fc8a4d2a519803d51b3,87,32
9be40cee5b0eee1462c82c6964087ff9,91,32
5ef698cd9fe650923ea331c15af3b160,135,32
05049e90fa4f5039a8cadc6acbb4b2cc,126,32
cf004fdc76fa1a4f25f62e0eb5261ca3,72,32
0c74b7f78409a4022a2c4c5a5ca3ee19,92,32
d709f38ef758b5066ef31b18039b8ce5,103,32
41f1f19176d383480afa65d325c06ed0,75,32
24b16fede9a67c9251d3e7c7161c83ac,66,32
ffd52f3c7e12435a724a8f30fddadd9c,70,32
ad972f10e0800b49d76fed33a21f6698,138,32
f61d6947467ccd3aa5af24db320235dd,135,32
142949df56ea8ae0be8b5306971900a4,123,32
d34ab169b70c9dcd35e62896010cd9ff,58,32
8bf1211fd4b7b94528899de0a43b9fb3,58,32
a02ffd91ece5e7efeb46db8f10a74059,103,32
bca82e41ee7b0833588399b1fcd177c7,106,32
00ec53c4682d36f5c4359f4ae7bd7ba1,54,32
4f6ffe13a5d75b2d6a3923922b3922e5,122,32
beed13602b9b0e6ecb5b568ff5058f07,129,32
0584ce565c824b7b7f50282d9a19945b,145,32
dc912a253d1e9ba40e2c597ed2376640,62,32
39461a19e9eddfb385ea76b26521ea48,108,32
8efb100a295c0c690931222ff4467bb8,57,32
d9fc5b73a8d78fad3d6dffe419384e70,67,32
c86a7ee3d8ef0b551ed58e354a836f2b,54,32
a01a0380ca3c61428c26a231f0e49a09,111,32
5a4b25aaed25c2ee1b74de72dc03c14e,150,32
f73b76ce8949fe29bf2a537cfa420e8f,170,32
70c639df5e30bdee440e4cdf599fec2b,145,32
28f0b864598a1291557bed248a998d4e,65,32
1543843a4723ed2ab08e18053ae6dc5b,61,32
f8c1f23d6a8d8d7904fc0ea8e066b3bb,93,32
e46de7e1bcaaced9a54f1e9d0d2f800d,46,32
b7b16ecf8ca53723593894116071700c,87,32
352fe25daf686bdb4edca223c921acea,119,32
816b112c6105b3ebd537828a39af4818,132,32
69cb3ea317a32c4e6143e665fdb20b14,142,32
bbf94b34eb32268ada57a3be5062fe7d,83,32
4f4adcbf8c6f66dcfc8a3282ac2bf10a,87,32
8cb22bdd0b7ba1ab13d742e22eed8da2,80,32
f4f6dce2f3a0f9dada0c2b5b66452017,86,32
0d0fd7c6e093f7b804fa0150b875b868,45,32
a96b65a721e561e1e3de768ac819ffbb,57,32
1068c6e4c8051cfd4e9ea8072e3189e2,56,32
17d63b1625c816c22647a73e1482372b,43,32
0deb1c54814305ca9ad266f53bc82511,132,32
42e7aaa88b48137a16a1acd04ed91125,50,32
8fe0093bb30d6f8c31474bd0764e6ac0,78,32
41ae36ecb9b3eee609d05b90c14222fb,91,32
d1f255a373a3cef72e03aa9d980c7eca,55,32
7eacb532570ff6858afd2723755ff790,61,32
b6f0479ae87d244975439c6124592772,75,32
e0c641195b27425bb056ac56f8953d24,126,32
f85454e8279be180185cac7d243c5eb3,94,32
faa9afea49ef2ff029a833cccc778fd0,91,32
3c7781a36bcd6cf08c11a970fbe0e2a6,65,32
25b2822c2f5a3230abfadd476e8b04c9,90,32
6ecbdd6ec859d284dc13885a37ce8d81,102,32
18997733ec258a9fcaf239cc55d53363,50,32
8d7d8ee069cb0cbbf816bbb65d56947e,142,32
75fc093c0ee742f6dddaa13fff98f104,138,32
f74909ace68e51891440e4da0b65a70c,77,32
248e844336797ec98478f85e7626de4a,53,32
019d385eb67632a7e958e23f24bd07d7,51,32
a49e9411d64ff53eccfdd09ad10a15b3,102,32
2421fcb1263b9530df88f7f002e78ea5,110,32
1651cf0d2f737d7adeab84d339dbabd3,103,32
eed5af6add95a9a6f1252739b1ad8c24,101,32
a8abb4bb284b5b27aa7cb790dc20f80b,103,32
15d4e891d784977cacbfcbb00c48f133,92,32
c203d8a151612acf12457e4d67635a95,168,32
13f3cf8c531952d72e5847c4183e6910,101,32
550a141f12de6341fba65b0ad0433500,77,32
67f7fb873eaf29526a11a9b7ac33bfac,86,32
1a5b1e4daae265b790965a275b53ae50,120,32
9a96876e2f8f3dc4f3cf45f02c61c0c1,105,32
9b70e8fe62e40c570a322f1b0b659098,56,32
d61e4bbd6393c9111e6526ea173a7c8b,33,32
f5f8590cd58a54e94377e6ae2eded4d9,91,32
941e1aaaba585b952b62c14a3a175a61,35,32
49ae49a23f67c759bf4fc791ba842aa2,154,32
e44fea3bec53bcea3b7513ccef5857ac,99,32
821fa74b50ba3f7cba1e6c53e8fa6845,40,32
250cf8b51c773f3f8dc8b4be867a9a02,91,32
42998cf32d552343bc8e460416382dca,115,32
d07e70efcfab08731a97e7b91be644de,113,32
7fe1f8abaad094e0b5cb1b01d712f708,92,32
98b297950041a42470269d56260243a1,144,32
0353ab4cbed5beae847a7ff6e220b5cf,66,32
51d92be1c60d1db1d2e5e7a07da55b26,144,32
428fca9bc1921c25c5121f9da7815cde,96,32
f1b6f2857fb6d44dd73c7041e0aa0f19,105,32
68ce199ec2c5517597ce0a4d89620f55,50,32
e836d813fd184325132fca8edcdfb40e,50,32
ab817c9349cf9c4f6877e1894a1faa00,42,32
877a9ba7a98f75b90a9d49f53f15a858,92,32
dc6a6489640ca02b0d42dabeb8e46bb7,70,32
8e6b42f1644ecb1327dc03ab345e618b,50,32
ef575e8837d065a1683c022d2077d342,121,32
2050e03ca119580f74cca14cc6e97462,120,32
25ddc0f8c9d3e22e03d3076f98d83cb2,132,32
5ef0b4eba35ab2d6180b0bca7e46b6f9,82,32
598b3e71ec378bd83e0a727608b5db01,106,32
74071a673307ca7459bcf75fbd024e09,58,32
cfee398643cbc3dc5eefc89334cacdc1,50,32
6ea2ef7311b482724a9b7b0bc0dd85c6,73,32
9461cce28ebe3e76fb4b931c35a169b0,69,32
f770b62bc8f42a0b66751fe636fc6eb0,70,32
e1e32e235eee1f970470a3a6658dfdd5,87,32
eba0dc302bcd9a273f8bbb72be3a687b,70,32
218a0aefd1d1a4be65601cc6ddc1520e,54,32
7d04bbbe5494ae9d2f5a76aa1c00fa2f,56,32
a516a87cfcaef229b342c437fe2b95f7,72,32
854d9fca60b4bd07f9bb215d59ef5561,134,32
c410003ef13d451727aeff9082c29a5c,93,32
55a7cf9c71f1c9c495413f934dd1a158,100,32
2f55707d4193dc27118a0f19a1985716,73,32
1be3bc32e6564055d5ca3e5a354acbef,127,32
35051070e572e47d2c26c241ab88307f,61,32
b534ba68236ba543ae44b22bd110a1d6,122,32
7380ad8a673226ae47fce7bff88e9c33,62,32
05f971b5ec196b8c65b75d2ef8267331,77,32
3cf166c6b73f030b4f67eeaeba301103,101,32
cee631121c2ec9232f3a2f028ad5c89b,39,32
5b69b9cb83065d403869739ae7f0995e,88,32
b5b41fac0361d157d9673ecb926af5ae,55,32
285e19f20beded7d215102b49d5c09a0,96,32
b337e84de8752b27eda3a12363109e80,91,32
e8c0653fea13f91bf3c48159f7c24f78,156,32
ff4d5fbbafdf976cfdc032e3bde78de5,123,32
2d6cc4b2d139a53512fb8cbb3086ae2e,116,32
389bc7bb1e1c2a5e7e147703232a88f6,129,32
e2230b853516e7b05d79744fbd4c9c13,98,32
087408522c31eeb1f982bc0eaf81d35f,54,32
a760880003e7ddedfef56acb3b09697f,89,32
10a7cdd970fe135cf4f7bb55c0e3b59f,42,32
3dc4876f3f08201c7c76cb71fa1da439,106,32
59b90e1005a220e2ebc542eb9d950b1e,92,32
2b8a61594b1f4c4db0902a8a395ced93,128,32
f3f27a324736617f20abbf2ffd806f6d,125,32
38913e1d6a7b94cb0f55994f679f5956,149,32
ebd9629fc3ae5e9f6611e2ee05a31cef,124,32
63538fe6ef330c13a05a3ed7e599d5f7,108,32
cf67355a3333e6e143439161adc2d82e,76,32
07563a3fe3bbe7e3ba84431ad9d055af,122,32
53fde96fcc4b4ce72d7739202324cd49,61,32
2bb232c0b13c774965ef8558f0fbd615,69,32
ba2fd310dcaa8781a9a652a31baf3c68,51,32
69421f032498c97020180038fddb8e24,65,32
85422afb467e9456013a2a51d4dff702,125,32
13f320e7b5ead1024ac95c3b208610db,86,32
f4be00279ee2e0a53eafdaa94a151e2c,161,32
37f0e884fbad9667e38940169d0a3c95,58,32
d64a340bcb633f536d56e51874281454,138,32
0fcbc61acd0479dc77e3cccc0f5ffca7,105,32
298f95e1bf9136124592c8d4825a06fc,94,32
df877f3865752637daa540ea9cbc474f,56,32
c399862d3b9d6b76c8436e924a68c45b,137,32
33e8075e9970de0cfea955afd4644bb2,94,32
65658fde58ab3c2b6e5132a39fae7cb9,121,32
5ea1649a31336092c05438df996a3e59,106,32
5737034557ef5b8c02c0e46513b98f90,81,32
9b72e31dac81715466cd580a448cf823,48,32
16c222aa19898e5058938167c8ab6c57,68,32
7dcd340d84f762eba80aa538b0c527f7,130,32
81448138f5f163ccdba4acc69819f280,118,32
97e8527feaf77a97fc38f34216141515,126,32
647bba344396e7c8170902bcf2e15551,62,32
ed265bc903a5a097f61d3ec064d96d2e,137,32
c75b6f114c23a4d7ea11331e7c00e73c,53,32
8d34201a5b85900908db6cae92723617,85,32
ccb1d45fb76f7c5a0bf619f979c6cf36,64,32
01f78be6f7cad02658508fe4616098a9,56,32
7f24d240521d99071c93af3917215ef7,85,32
94c7bb58efc3b337800875b5d382a072,114,32
f387624df552cea2f369918c5e1e12bc,85,32
5e388103a391daabe3de1d76a6739ccd,100,32
15de21c670ae7c3f6f3f1f37029303c9,100,32
11b921ef080f7736089c757404650e40,124,32
6e2713a6efee97bacb63e52c54f0ada0,100,32
1bb91f73e9d31ea2830a5e73ce3ed328,117,32
3a0772443a0739141292a5429b952fe6,45,32
a9a6653e48976138166de32772b1bf40,86,32
58ae749f25eded36f486bc85feb3f0ab,53,32
4e4b5fbbbb602b6d35bea8460aa8f8e5,50,32
8eefcfdf5990e441f0fb6f3fad709e21,112,32
1728efbda81692282ba642aafd57be3a,59,32
cbcb58ac2e496207586df2854b17995f,60,32
db85e2590b6109813dafa101ceb2faeb,125,32
99c5e07b4d5de9d18c350cdf64c5aa3d,99,32
dd458505749b2941217ddd59394240e8,43,32
8b16ebc056e613024c057be590b542eb,101,32
a86c450b76fb8c371afead6410d55534,109,32
c9892a989183de32e976c6f04e700201,46,32
e6b4b2a746ed40e1af829d1fa82daa10,45,32
e5f6ad6ce374177eef023bf5d0c018b6,81,32
f0e52b27a7a5d6a1a87373dffa53dbe5,61,32
ffeabd223de0d4eacb9a3e6e53e5448d,161,32
a7aeed74714116f3b292a982238f83d2,91,32
fde9264cf376fffe2ee4ddf4a988880d,58,32
a8849b052492b5106526b2331e526138,84,32
258be18e31c8188555c2ff05b4d542c3,127,32
069d3bb002acd8d7dd095917f9efe4cb,165,32
c6e19e830859f2cb9f7c8f8cacb8d2a6,63,32
46922a0880a8f11f8f69cbb52b1396be,135,32
9ad6aaed513b73148b7d49f70afcfb32,60,32
f5deaeeae1538fb6c45901d524ee2f98,103,32
a9a1d5317a33ae8cef33961c34144f84,145,32
605ff764c617d3cd28dbbdd72be8f9a2,108,32
766ebcd59621e305170616ba3d3dac32,70,32
daca41214b39c5dc66674d09081940f0,114,32
30bb3825e8f631cc6075c0f87bb4978c,151,32
08b255a5d42b89b0585260b6f2360bdd,102,32
3493894fa4ea036cfc6433c3e2ee63b0,100,32
dbe272bab69f8e13f14b405e038deb64,103,32
acc3e0404646c57502b480dc052c4fe1,41,32
076a0c97d09cf1a0ec3e19c7f2529f2b,84,32
04ecb1fa28506ccb6f72b12c0245ddbc,39,32
b2eeb7362ef83deff5c7813a67e14f0a,37,32
08c5433a60135c32e34f46a71175850c,42,32
6aca97005c68f1206823815f66102863,100,32
3435c378bb76d4357324dd7e69f3cd18,116,32
d490d7b4576290fa60eb31b5fc917ad1,34,32
b2f627fff19fda463cb386442eac2b3d,33,32
c3992e9a68c5ae12bd18488bc579b30d,143,32
d86ea612dec96096c5e0fcc8dd42ab6d,86,32
9cf81d8026a9018052c429cc4e56739b,69,32
c361bc7b2c033a83d663b8d9fb4be56e,116,32
44c4c17332cace2124a1a836d9fc4b6f,97,32
dc82d632c9fcecb0778afbc7924494a6,85,32
996a7fa078cc36c46d02f9af3bef918b,89,32
d7a728a67d909e714c0774e22cb806f2,144,32
00ac8ed3b4327bdd4ebbebcb2ba10a00,46,32
8ebda540cbcc4d7336496819a46a1b68,112,32
f76a89f0cb91bc419542ce9fa43902dc,100,32
f29c21d4897f78948b91f03172341b7b,74,32
851ddf5058cf22df63d3344ad89919cf,118,32
58d4d1e7b1e97b258c9ed0b37e02d087,126,32
7750ca3559e5b8e1f44210283368fc16,80,32
5d44ee6f2c3f71b73125876103c8f6c4,75,32
eb6fdc36b281b7d5eabf33396c2683a2,77,32
cdc0d6e63aa8e41c89689f54970bb35f,85,32
b73dfe25b4b8714c029b37a6ad3006fa,52,32
85fc37b18c57097425b52fc7afbb6969,103,32
3871bd64012152bfb53fdf04b401193f,65,32
a733fa9b25f33689e2adbe72199f0e62,57,32
48ab2f9b45957ab574cf005eb8a76760,67,32
233509073ed3432027d48b1a83f5fbd2,127,32
45645a27c4f1adc8a7a835976064a86d,48,32
185c29dc24325934ee377cfda20e414c,48,32
42e77b63637ab381e8be5f8318cc28a2,46,32
051e4e127b92f5d98d3c79b195f2b291,132,32
9cc138f8dc04cbf16240daa92d8d50e2,131,32
b7bb35b9c6ca2aee2df08cf09d7016c2,97,32
abd815286ba1007abfbb8415b83ae2cf,74,32
26dd0dbc6e3f4c8043749885523d6a25,56,32
6766aa2750c19aad2fa1b32f36ed4aee,112,32
6a10bbd480e4c5573d8f3af73ae0454b,97,32
c5ab0bc60ac7929182aadd08703f1ec6,49,32
a532400ed62e772b9dc0b86f46e583ff,104,32
4c27cea8526af8cfee3be5e183ac9605,106,32
0f96613235062963ccde717b18f97592,89,32
4ffce04d92a4d6cb21c1494cdfcd6dc1,126,32
67e103b0761e60683e83c559be18d40c,81,32
291597a100aadd814d197af4f4bab3a7,173,32
9b698eb3105bd82528f23d0c92dedfc0,52,32
5e9f92a01c986bafcabbafd145520b13,110,32
303ed4c69846ab36c2904d3ba8573050,107,32
443cb001c138b2561a0d90720d6ce111,64,32
55b37c5c270e5d84c793e486d798c01d,125,32
884d247c6f65a96a7da4d1105d584ddd,60,32
55743cc0393b1cb4b8b37d09ae48d097,69,32
eaae339c4d89fc102edd9dbdb6a28915,56,32
3d2d8ccb37df977cb6d9da15b76c3f3a,108,32
26408ffa703a72e8ac0117e74ad46f33,54,32
b4288d9c0ec0a1841b3b3728321e7088,81,32
2f37d10131f2a483a8dd005b3d14b0d9,82,32
0ff8033cf9437c213ee13937b1c4c455,137,32
68264bdb65b97eeae6788aa3348e553c,35,32
3a066bda8c96b9478bb0512f0a43028c,135,32
be3159ad04564bfb90db9e32851ebf9c,90,32
8757150decbd89b0f5442ca3db4d0e0e,130,32
2291d2ec3b3048d1a6f86c2c4591b7e0,81,32
84117275be999ff55a987b9381e01f96,58,32
fae0b27c451c728867a567e8c1bb4e53,99,32
b5dc4e5d9b495d0196f61d45b26ef33e,47,32
192fc044e74dffea144f9ac5dc9f3395,53,32
5c04925674920eb58467fb52ce4ef728,53,32
17c276c8e723eb46aef576537e9d56d0,72,32
5dd9db5e033da9c6fb5ba83c7a7ebea9,55,32
2dea61eed4bceec564a00115c4d21334,168,32
9f396fe44e7c05c16873b05ec425cbad,96,32
0d7de1aca9299fe63f3e0041f02638a3,112,32
8fecb20817b3847419bb3de39a609afe,110,32
dc6a70712a252123c40d2adba6a11d84,64,32
71a3cb155f8dc89bf3d0365288219936,160,32
9fe8593a8a330607d76796b35c64c600,79,32
ca9c267dad0305d1a6308d2a0cf1c39c,96,32
fccb3cdc9acc14a6e70a12f74560c026,147,32
1595af6435015c77a7149e92a551338e,74,32
08d98638c6fcd194a4b1e6992063e944,110,32
556f391937dfd4398cbac35e050a2177,76,32
3328bdf9a4b9504b9398284244fe97c2,55,32
109a0ca3bc27f3e96597370d5c8cf03d,83,32
7f5d04d189dfb634e6a85bb9d9adf21e,75,32
f79921bbae40a577928b76d2fc3edc2a,125,32
c06d06da9666a219db15cf575aff2824,56,32
10a5ab2db37feedfdeaab192ead4ac0e,79,32
e555ebe0ce426f7f9b2bef0706315e0c,52,32
53e3a7161e428b65688f14b84d61c610,34,32
5487315b1286f907165907aa8fc96619,126,32
e4bb4c5173c2ce17fd8fcd40041c068f,36,32
0cb929eae7a499e50248a3a78f7acfc7,56,32
8a0e1141fd37fa5b98d5bb769ba1a7cc,57,32
99bcfcd754a98ce89cb86f73acc04645,87,32
afd4836712c5e77550897e25711e1d96,84,32
b4a528955b84f584974e92d025a75d1f,73,32
b1eec33c726a60554bc78518d5f9b32c,57,32
d6c651ddcd97183b2e40bc464231c962,78,32
f64eac11f2cd8f0efa196f8ad173178e,100,32
4a47d2983c8bd392b120b627e0e1cab4,82,32
9c82c7143c102b71c593d98d96093fde,90,32
500e75a036dc2d7d2fec5da1b71d36cc,64,32
ae0eb3eed39d2bcef4622b2499a05fe6,83,32
1ecfb463472ec9115b10c292ef8bc986,64,32
e70611883d2760c8bbafb4acb29e3446,82,32
19bc916108fc6938f52cb96f7e087941,108,32
07c5807d0d927dcd0980f86024e5208b,68,32
d14220ee66aeec73c49038385428ec4c,61,32
8df707a948fac1b4a0f97aa554886ec8,88,32
e7f8a7fb0b77bcb3b283af5be021448f,154,32
788d986905533aba051261497ecffcbb,84,32
50c3d7614917b24303ee6a220679dab3,72,32
2afe4567e1bf64d32a5527244d104cea,119,32
5f2c22cb4a5380af7ca75622a6426917,168,32
c8ed21db4f678f3b13b9d5ee16489088,113,32
08419be897405321542838d77f855226,46,32
7f1171a78ce0780a2142a6eb7bc4f3c8,91,32
82f2b308c3b01637c607ce05f52a2fed,105,32
0d3180d672e08b4c5312dcdafdf6ef36,110,32
fb89705ae6d743bf1e848c206e16a1d7,75,32
5751ec3e9a4feab575962e78e006250d,116,32
d5cfead94f5350c12c322b5b664544c1,85,32
59c33016884a62116be975a9bb8257e3,108,32
ba3866600c3540f67c1e9575e213be0a,89,32
6c29793a140a811d0c45ce03c1c93a28,37,32
e995f98d56967d946471af29d7bf99f1,67,32
6cd67d9b6f0150c77bda2eda01ae484c,71,32
6bc24fc1ab650b25b4114e93a98f1eba,98,32
a5cdd4aa0048b187f7182f1b9ce7a6a7,87,32
217eedd1ba8c592db97d0dbe54c7adfc,60,32
df263d996281d984952c07998dc54358,98,32
edfbe1afcf9246bb0d40eb4d8027d90f,80,32
2e65f2f2fdaf6c699b223c61b1b5ab89,92,32
e94550c93cd70fe748e6982b3439ad3b,143,32
5c572eca050594c7bc3c36e7e8ab9550,103,32
0537fb40a68c18da59a35c2bfe1ca554,49,32
5f0f5e5f33945135b874349cfbed4fb9,86,32
185e65bc40581880c4f2c82958de8cfe,41,32
8d317bdcf4aafcfc22149d77babee96d,80,32
e49b8b4053df9505e1f48c3a701c0682,88,32
b137fdd1f79d56c7edf3365fea7520f2,71,32
912d2b1c7b2826caf99687388d2e8f7c,162,32
a1d33d0dfec820b41b54430b50e96b5c,51,32
6f2268bd1d3d3ebaabb04d6b5d099425,104,32
ccb0989662211f61edae2e26d58ea92f,80,32
2823f4797102ce1a1aec05359cc16dd9,89,32
470e7a4f017a5476afb7eeb3f8b96f9b,42,32
bf62768ca46b6c3b5bea9515d1a1fc45,76,32
fa14d4fe2f19414de3ebd9f63d5c0169,134,32
2ca65f58e35d9ad45bf7f3ae5cfd08f1,62,32
88ae6372cfdc5df69a976e893f4d554b,76,32
06997f04a7db92466a2baa6ebc8b872d,77,32
eefc9e10ebdc4a2333b42b2dbb8f27b6,41,32
5807a685d1a9ab3b599035bc566ce2b9,162,32
d840cc5d906c3e9c84374c8919d2074e,41,32
959a557f5f6beb411fd954f3f34b21c3,38,32
f2201f5191c4e92cc5af043eebfd0946,105,32
3a835d3215755c435ef4fe9965a3f2a0,77,32
288cc0ff022877bd3df94bc9360b9c5d,75,32
4ea06fbc83cdd0a06020c35d50e1e89a,115,32
b7ee6f5f9aa5cd17ca1aea43ce848496,92,32
e57c6b956a6521b28495f2886ca0977a,77,32
86b122d4358357d834a87ce618a55de0,66,32
4e0928de075538c593fbdabb0c5ef2c3,73,32
c0f168ce8900fa56e57789e2a2f2c9d0,104,32
8c6744c9d42ec2cb9e8885b54ff744d0,127,32
f1c1592588411002af340cbaedd6fc33,79,32
e07413354875be01a996dc560274708e,48,32
67d96d458abdef21792e6d8e590244e7,179,32
a8e864d04c95572d1aece099af852d0a,80,32
7143d7fbadfa4693b9eec507d9d37443,68,32
72da7fd6d1302c0a159f6436d01e9eb0,98,32
6e0721b2c6977135b916ef286bcb49ec,32,32
fc8001f834f6a5f0561080d134d53d29,65,32
4b04a686b0ad13dce35fa99fa4161c65,66,32
61b4a64be663682e8cb037d9719ad8cd,140,32
3621f1454cacf995530ea53652ddf8fb,102,32
c15da1f2b5e5ed6e6837a3802f0d1593,125,32
68053af2923e00204c3ca7c6a3150cf7,61,32
2dace78f80bc92e6d7493423d729448e,108,32
df7f28ac89ca37bf1abd2f6c184fe1cf,130,32
96ea64f3a1aa2fd00c72faacf0cb8ac9,85,32
da8ce53cf0240070ce6c69c48cd588ee,102,32
82489c9737cc245530c7a6ebef3753ec,196,32
7c590f01490190db0ed02a5070e20f01,66,32
35cf8659cfcb13224cbd47863a34fc58,48,32
beb22fb694d513edcf5533cf006dfeae,33,32
28267ab848bcf807b2ed53c3a8f8fc8a,123,32
7a53928fa4dd31e82c6ef826f341daec,53,32
1905aedab9bf2477edc068a355bba31a,188,32
1141938ba2c2b13f5505d7c424ebae5f,66,32
1aa48fc4880bb0c9b8a3bf979d3b917e,95,32
dc5689792e08eb2e219dce49e64c885b,58,32
846c260d715e5b854ffad5f70a516c88,119,32
d58072be2820e8682c0a27c0518e805e,148,32
6e7b33fdea3adc80ebd648fffb665bb8,94,32
a8ecbabae151abacba7dbde04f761c37,104,32
32b30a250abd6331e03a2a1f16466346,92,32
b6edc1cd1f36e45daf6d7824d7bb2283,98,32
670e8a43b246801ca1eaca97b3e19189,100,32
81e74d678581a3bb7a720b019f4f1a93,72,32
e0cf1f47118daebc5b16269099ad7347,95,32
96b9bff013acedfb1d140579e2fbeb63,69,32
43fa7f58b7eac7ac872209342e62e8f1,156,32
31839b036f63806cba3f47b93af8ccb5,42,32
f0adc8838f4bdedde4ec2cfad0515589,144,32
3b5dca501ee1e6d8cd7b905f4e1bf723,104,32
e2a2dcc36a08a345332c751b2f2e476c,72,32
4558dbb6f6f8bb2e16d03b85bde76e2c,58,32
afda332245e2af431fb7b672a68b659d,140,32
632cee946db83e7a52ce5e8d6f0fed35,41,32
677e09724f0e2df9b6c000b75b5da10d,62,32
d554f7bb7be44a7267068a7df88ddd20,70,32
795c7a7a5ec6b460ec00c5841019b9e9,148,32
fa3a3c407f82377f55c19c5d403335c7,63,32
c2626d850c80ea07e7511bbae4c76f4b,101,32
ce78d1da254c0843eb23951ae077ff5f,164,32
8e82ab7243b7c66d768f1b8ce1c967eb,146,32
e0ec453e28e061cc58ac43f91dc2f3f0,156,32
7250eb93b3c18cc9daa29cf58af7a004,79,32
013a006f03dbc5392effeb8f18fda755,96,32
301ad0e3bd5cb1627a2044908a42fdc2,62,32
4d5b995358e7798bc7e9d9db83c612a5,68,32
ab88b15733f543179858600245108dd8,55,32
b0b183c207f46f0cca7dc63b2604f5cc,94,32
f9028faec74be6ec9b852b0a542e2f39,92,32
8f7d807e1f53eff5f9efbe5cb81090fb,59,32
fa83a11a198d5a7f0bf77a1987bcd006,87,32
02a32ad2669e6fe298e607fe7cc0e1a0,153,32
fc3cf452d3da8402bebb765225ce8c0e,94,32
3d8e28caf901313a554cebc7d32e67e5,112,32
e97ee2054defb209c35fe4dc94599061,188,32
84f7e69969dea92a925508f7c1f9579a,175,32
362e80d4df43b03ae6d3f8540cd63626,81,32
fe8c15fed5f808006ce95eddb7366e35,126,32
1efa39bcaec6f3900149160693694536,79,32
92fb0c6d1758261f10d052e6e2c1123c,108,32
22ac3c5a5bf0b520d281c122d1490650,96,32
aff1621254f7c1be92f64550478c56e6,46,32
f7e9050c92a851b0016442ab604b0488,146,32
addfa9b7e234254d26e9c7f2af1005cb,32,32
8c235f89a8143a28a1d6067e959dd858,107,32
847cc55b7032108eee6dd897f3bca8a5,49,32
a67f096809415ca1c9f112d96d27689b,100,32
2a084e55c87b1ebcdaad1f62fdbbac8e,98,32
fc49306d97602c8ed1be1dfbf0835ead,77,32
f9a40a4780f5e1306c46f1c8daecee3b,145,32
5ec91aac30eae62f4140325d09b9afd0,115,32
19b650660b253761af189682e03501dd,84,32
1fc214004c9481e4c8073e85323bfd4b,74,32
3b3dbaf68507998acd6a5a5254ab2d76,68,32
ca8155f4d27f205953f9d3d7974bdd70,80,32
ede7e2b6d13a41ddf9f4bdef84fdc737,118,32
dd45045f8c68db9f54e70c67048d32e8,87,32
49c9adb18e44be0711a94e827042f630,79,32
22fb0cee7e1f3bde58293de743871417,122,32
aeb3135b436aa55373822c010763dd54,98,32
43feaeeecd7b2fe2ae2e26d917b6477d,144,32
98d6f58ab0dafbb86b083a001561bb34,42,32
51ef186e18dc00c2d31982567235c559,40,32
4b0a59ddf11c58e7446c9df0da541a84,74,32
67d16d00201083a2b118dd5128dd6f59,100,32
352407221afb776e3143e8a1a0577885,107,32
dd8eb9f23fbd362da0e3f4e70b878c16,96,32
d516b13671a4179d9b7b458a6ebdeb92,61,32
1f50893f80d6830d62765ffad7721742,147,32
7504adad8bb96320eb3afdd4df6e1f60,73,32
6c3cf77d52820cd0fe646d38bc2145ca,98,32
210f760a89db30aa72ca258a3483cc7f,90,32
170c944978496731ba71f34c25826a34,98,32
0efe32849d230d7f53049ddc4a4b0c60,90,32
704afe073992cbe4813cae2f7715336f,72,32
7ce3284b743aefde80ffd9aec500e085,46,32
0a113ef6b61820daa5611c870ed8d5ee,105,32
024d7f84fff11dd7e8d9c510137a2381,105,32
cfbce4c1d7c425baf21d6b6f2babe6be,42,32
c2aee86157b4a40b78132f1e71a9e6f1,77,32
d56b9fc4b0f1be8871f5e1c40c0067e7,88,32
4b0250793549726d5c1ea3906726ebfe,91,32
20aee3a5f4643755a79ee5f6a73050ac,77,32
061412e4a03c02f9902576ec55ebbe77,46,32
5705e1164a8394aace6018e27d20d237,65,32
a64c94baaf368e1840a1324e839230de,77,32
01882513d5fa7c329e940dda99b12147,91,32
acf4b89d3d503d8252c9c4ba75ddbf6d,46,32
892c91e0a653ba19df81a90f89d99bcd,56,32
b6a1085a27ab7bff7550f8a3bd017df8,196,32
aa169b49b583a2b5af89203c2b78c67c,38,32
f57a2f557b098c43f11ab969efe1504b,81,32
c8fbbc86abe8bd6a5eb6a3b4d0411301,52,32
621461af90cadfdaf0e8d4cc25129f91,109,32
a4300b002bcfb71f291dac175d52df94,90,32
e205ee2a5de471a70c1fd1b46033a75f,135,32
b56a18e0eacdf51aa2a5306b0f533204,63,32
2a9d121cd9c3a1832bb6d2cc6bd7a8a7,64,32
8b5040a8a5baf3e0e67386c2e3a9b903,105,32
7634ea65a4e6d9041cfd3f7de18e334a,101,32
24896ee4c6526356cc127852413ea3b4,132,32
23ce1851341ec1fa9e0c259de10bf87c,135,32
da0d1111d2dc5d489242e60ebcbaf988,41,32
1e056d2b0ebd5c878c550da6ac5d3724,121,32
3e89ebdb49f712c7d90d1b39e348bbbf,43,32
6d0f846348a856321729a2f36734d1a7,87,32
430c3626b879b4005d41b8a46172e0c0,94,32
ccc0aa1b81bf81e16c676ddb977c5881,70,32
c4015b7f368e6b4871809f49debe0579,88,32
bea5955b308361a1b07bc55042e25e54,36,32
7fa732b517cbed14a48843d74526c11a,150,32
cbb6a3b884f4f88b3a8e3d44c636cbd8,88,32
1f4477bad7af3616c1f933a02bfabe4e,72,32
d045c59a90d7587d8d671b5f5aec4e7c,120,32
1cc3633c579a90cfdd895e64021e2163,84,32
9f53d83ec0691550f7d2507d57f4f5a2,171,32
d2ed45a52bc0edfa11c2064e9edee8bf,61,32
043c3d7e489c69b48737cc0c92d0f3a2,99,32
4daa3db355ef2b0e64b472968cb70f0d,108,32
e820a45f1dfc7b95282d10b6087e11c0,70,32
90794e3b050f815354e3e29e977a88ab,80,32
b7892fb3c2f009c65f686f6355c895b5,43,32
74bba22728b6185eec06286af6bec36d,128,32
3df1d4b96d8976ff5986393e8767f5b2,104,32
8d6dc35e506fc23349dd10ee68dabb64,108,32
92262bf907af914b95a0fc33c3f33bf6,88,32
b55ec28c52d5f6205684a473a2193564,87,32
2f885d0fbe2e131bfc9d98363e55d1d4,74,32
64223ccf70bbb65a3a4aceac37e21016,85,32
4b6538a44a1dfdc2b83477cd76dee98e,60,32
c8c41c4a18675a74e01c8a20e8a0f662,46,32
c4b31ce7d95c75ca70d50c19aef08bf1,64,32
58e4d44e550d0f7ee0a23d6b02d9b0db,95,32
3cef96dcc9b8035d23f69e30bb19218a,88,32
a3d68b461bd9d3533ee1dd3ce4628ed4,54,32
1c1d4df596d01da60385f0bb17a4a9e0,126,32
e6cb2a3c14431b55aa50c06529eaa21b,76,32
6395ebd0f4b478145ecfbaf939454fa4,93,32
ef4e3b775c934dada217712d76f3d51f,85,32
168908dd3227b8358eababa07fcaf091,60,32
2ba596643cbbbc20318224181fa46b28,95,32
d240e3d38a8882ecad8633c8f9c78c9b,54,32
0f840be9b8db4d3fbd5ba2ce59211f55,74,32
437d7d1d97917cd627a34a6a0fb41136,121,32
d707329bece455a462b58ce00d1194c9,121,32
5c936263f3428a40227908d5a3847c0b,121,32
1ce927f875864094e3906a4a0b5ece68,87,32
8065d07da4a77621450aa84fee5656d9,41,32
eeb69a3cb92300456b6a5f4162093851,100,32
4e0cb6fb5fb446d1c92ede2ed8780188,100,32
6cfe0e6127fa25df2a0ef2ae1067d915,115,32
8f468c873a32bb0619eaeb2050ba45d1,68,32
e744f91c29ec99f0e662c9177946c627,86,32
89fcd07f20b6785b92134bd6c1d0fa42,67,32
6602294be910b1e3c4571bd98c4d5484,126,32
c22abfa379f38b5b0411bc11fa9bf92f,125,32
ca75910166da03ff9d4655a0338e6b09,75,32
4311359ed4969e8401880e3c1836fbe1,49,32
92977ae4d2ba21425a59afb269c2a14e,112,32
9c01802ddb981e6bcfbec0f0516b8e35,64,32
2ab56412b1163ee131e1246da0955bd1,121,32
c32d9bf27a3da7ec8163957080c8628e,65,32
d79aac075930c83c2f1e369a511148fe,103,32
287e03db1d99e0ec2edb90d079e142f3,89,32
fec8d47d412bcbeece3d9128ae855a7a,113,32
6aab1270668d8cac7cef2566a1c5f569,48,32
d93ed5b6db83be78efb0d05ae420158e,99,32
54a367d629152b720749e187b3eaa11b,86,32
fe7ee8fc1959cc7214fa21c4840dff0a,126,32
df6d2338b2b8fce1ec2f6dda0a630eb0,88,32
9908279ebbf1f9b250ba689db6a0222b,81,32
a1140a3d0df1c81e24ae954d935e8926,121,32
4fac9ba115140ac4f1c22da82aa0bc7f,82,32
692f93be8c7a41525c0baf2076aecfb4,62,32
860320be12a1c050cd7731794e231bd3,109,32
7b13b2203029ed80337f27127a9f1d28,63,32
934815ad542a4a7c5e8a2dfa04fea9f5,88,32
2bcab9d935d219641434683dd9d18a03,84,32
0b8aff0438617c055eb55f0ba5d226fa,84,32
ec5aa0b7846082a2415f0902f0da88f2,95,32
9ab0d88431732957a618d4a469a0d4c3,80,32
b706835de79a2b4e80506f582af3676a,88,32
